id_doc,id_service
scg-solar-roof-solutions-residential-catalog(1),SCG Solar Roof Solutions ระบบหลังคาโซลาร์ เอสซีจี พร้อมบริการครบวงจร
ปัญหาเรื่องบ้านหน้าฝนพบบ่อย _ SCG HOME Online,บริการซ่อมรั่วหลังคาเฉพาะจุด (ROOF REPAIR)​
scg-roof-renovation-catalog,บริการรื้อ – เปลี่ยนหลังคาเก่าทั้งผืน (RE-ROOF)​
scg-thermal-insulation-for-ceiling-staycool-catalog,บริการติดตั้งฉนวนกันความร้อน
scg-thermal-insulation-for-ceiling-staycool-catalog,บริการติดตั้งฉนวนกันความร้อน SCG รุ่น Staycool
เลือกขนาดเครื่องซักผ้าแบบไหน ให้เหมาะสมกับไลฟ์สไตล์คุณ,ล้างเครื่องซักอบผ้าฝาหน้า
เลือกขนาดเครื่องซักผ้าแบบไหน ให้เหมาะสมกับไลฟ์สไตล์คุณ,บริการล้างเครื่องซักผ้าฝาบน
เลือกขนาดเครื่องซักผ้าแบบไหน ให้เหมาะสมกับไลฟ์สไตล์คุณ,บริการล้างเครื่องซักผ้าฝาหน้า
scg-vinyl-rain-gutter-installation-service-homesmile-catalog,บริการติดตั้งรางน้ำฝนไวนิล เอสซีจี HomeSmile
scg-vinyl-rain-gutter-installation-service-homesmile-catalog,บริการติดตั้งรางน้ำฝนไวนิล SCG รุ่น Smart by Q-Chang
scg-vinyl-rain-gutter-installation-service-homesmile-catalog,บริการติดตั้งรางน้ำฝนไวนิล SCG
scg-vinyl-rain-gutter-installation-service-homesmile-catalog,"บริการติดตั้งรางน้ำฝน PVC by Q-Chang
"
scg-vinyl-rain-gutter-installation-service-homesmile-catalog,บริการติดตั้งรางน้ำฝนไวนิล SCG รุ่น Deluxe by Q-Chang
catalog-scg-active-air-quality_compressed,เครื่องเติมอากาศดี SCG Active AIR Quality
น้ำยาแอร์รั่ว! ทำความเข้าใจสาเหตุ วิธีตรวจเช็ก และการแก้ไข,บริการซ่อมแอร์
ควรล้างแอร์บ่อยแค่ไหน เพื่อประหยัดไฟและยืดอายุการใช้งาน_,ล้างแอร์ พร้อมอบโอโซน
ควรล้างแอร์บ่อยแค่ไหน เพื่อประหยัดไฟและยืดอายุการใช้งาน_,บริการล้างแอร์แบบติดผนัง
ควรล้างแอร์บ่อยแค่ไหน เพื่อประหยัดไฟและยืดอายุการใช้งาน_,บริการล้างเครื่องปรับอากาศ แบบแอร์เปลือย/แอร์ฝังซ่อน
scg-acoustic-product-service-solution-system-catalog,บริการติดตั้งเสริมผนังกันเสียง เอสซีจี HomeSmile
