id_doc,id_bu
AW HPB-All_Products-Catalog_20250403small (1),SCG Smart Living
scg-solar-roof-solutions-residential-catalog(1),SCG Smart Living
ปัญหาเรื่องบ้านหน้าฝนพบบ่อย _ SCG HOME Online,SCG Home
scg-roof-renovation-catalog,SCG Smart Living
scg-thermal-insulation-for-ceiling-staycool-catalog,SCG Smart Living
เลือกขนาดเครื่องซักผ้าแบบไหน ให้เหมาะสมกับไลฟ์สไตล์คุณ,Q‑CHANG
scg-vinyl-rain-gutter-installation-service-homesmile-catalog,SCG Smart Living
76คู่มือระบบท่อและสุขภัณฑ์_20200128,บริษัท นวพลาสติกอุตสาหกรรม จำกัด
catalog-scg-active-air-quality_compressed,SCG Smart Living
น้ำยาแอร์รั่ว! ทำความเข้าใจสาเหตุ วิธีตรวจเช็ก และการแก้ไข,Q‑CHANG
ควรล้างแอร์บ่อยแค่ไหน เพื่อประหยัดไฟและยืดอายุการใช้งาน_,Q‑CHANG
scg-acoustic-product-service-solution-system-catalog,SCG Smart Living
