id,createdTime,name_th,name_en,description_th,description_en,item,check,fix,service,name_th (from item),name_th (from check),name_th (from fix),name_th (from service)
rec0MtyTgmKTfzd3B,2025-06-12T02:36:50.000Z,ก๊อกน้ำรั่ว,Leaky Faucet,ก๊อกน้ำปิดไม่สนิท มีน้ำหยดตลอดทำให้สิ้นเปลืองน้ำ,"Faucet does not shut off completely, causing constant dripping and water waste",['recMrOlLqGgNEwoXH'],['reckzQnu4hPUkixeP'],['recKKAnoSLgGPKmdy'],"['recRymcaUzpQjn8gC', 'recuhYXVxP4v5No7j']",['ก๊อกน้ำ'],['ตรวจใต้ซิงค์และท่อว่ามีน้ำหยด'],['เปลี่ยนยางก๊อกแก้ก๊อกรั่ว'],"['แก้ไขท่อน้ำอุดตัน', 'บริการติดตั้งปรับปรุงห้องน้ำ']"
rec0Rp87rtsWA9AZf,2025-06-12T02:36:50.000Z,กลิ่นเหม็นจากขยะ,Bad Odor from Garbage,มีกลิ่นเน่าเหม็นจากถังขยะหรือเศษอาหารที่ทิ้งไว้,There's a rotten smell emanating from garbage bins or food waste left sitting,['recTJwmPyawzQu2WQ'],"['recB3GmEbddMNG3Nu', 'reccEJbwoL9y6X2QC']",['recbs4ibEBzfcbIU6'],"['recsX9eXEUe2Gkl9b', 'recy4eIeUNC7rqI0x', 'recEN7WTxYeQ5Q1zb', 'rec63Mru1fEyjsR88', 'recEIzk19IR00EYAO']",['ถังขยะ'],"['นำขยะออกตามกำหนด', 'ล้างถังขยะเป็นประจำ']",['ปิดฝาถังขยะให้มิดชิด'],"['บริการพ่นควันฆ่าเชื้อโรค ด้วยระบบ fogging', 'ติดตั้งระบบเครื่องเติมอากาศ แรงดันบวก พร้อมกำจัดกลิ่น AIRWAVE+', 'ติดตั้งระบบเติมอากาศให้บ้าน เครื่องเติมอากาศ FRESHNERGY', 'เครื่องเติมอากาศดี SCG Active AIR Quality', 'ระบบไอออนกำจัดเชื้อโรคในอากาศ และดักจับฝุ่น PM2.5 SCG Bi-ion']"
rec0gtW3b1LnPkA6n,2025-06-12T02:36:50.000Z,ของรกไม่เป็นระเบียบ,Clutter/Untidiness,สิ่งของวางกองระเกะระกะ บ้านดูรกรุงรังไม่เรียบร้อย,"Items are piled up or scattered messily, making the house look cluttered and untidy",['recTJwmPyawzQu2WQ'],,['recuz1zjrvg0hgMuS'],"['recvifp51AJLvrbEh', 'recaV8svBvuvG2Y3k']",['ถังขยะ'],,['รวบของให้เป็นระเบียบ'],"['บริการทำความสะอาดคอนโด (General Cleaning)', 'บริการทำความสะอาดบ้านและคอนโด (Deep Cleaning)']"
rec0jqy6maUwn4p6I,2025-06-12T02:36:50.000Z,แมลงและหนูบริเวณถังขยะ,Pests (Insects/Rodents) around Trash,มีแมลงวัน แมลงสาบ หรือหนูชุกชุมบริเวณจุดทิ้งขยะของบ้าน,"Flies, cockroaches, or rodents are attracted to and infesting the home's garbage area",['recTJwmPyawzQu2WQ'],['recB3GmEbddMNG3Nu'],,"['recfHV2E1qfkkQ6aM', 'recB27Jid4BnaxXtE', 'recsX9eXEUe2Gkl9b']",['ถังขยะ'],['นำขยะออกตามกำหนด'],,"['กำจัดและป้องกันหนู', 'กำจัดและป้องกันแมลงสาบสายพันธุ์เยอรมัน', 'บริการพ่นควันฆ่าเชื้อโรค ด้วยระบบ fogging']"
rec15o7HoTQ3PL5s7,2025-06-12T02:36:50.000Z,งบบานปลายตอนรีโนเวท,Renovation Cost Overruns,เมื่อปรับปรุงบ้าน ค่าใช้จ่ายจริงสูงกว่าที่ตั้งงบไว้มาก (งบบานปลาย),"During renovations, the actual expenses turned out much higher than the budget (cost overrun)",['reck5L4oCIRPzI5F6'],['recDBx6O0wFM52njH'],['recibOx8uwVo3Xp8H'],"['recF3XcfsCAVikfLq', 'recNwyVORY86PatO0', 'recimJUOu3hksxL6l']",['แผนงบประมาณดูแลบ้าน'],['ทบทวนงบประมาณรายไตรมาส'],['ทำเองบางงานแทนจ้าง'],"['บริการสถาปนิก และวิศวกรให้คำปรึกษาเรื่องบ้านที่หน้างาน', 'บริการออกแบบบ้าน', 'ออกแบบตกแต่งภายใน บิ้วอิน พร้อมติดตั้ง ครบวงจร']"
rec281us7oEtid4a0,2025-06-12T02:36:50.000Z,สไตล์การตกแต่งล้าสมัย,Outdated Decor Style,รูปแบบหรือธีมการตกแต่งภายในบ้านดูเก่าและไม่ทันสมัย,The interior décor style or theme looks old-fashioned and not up-to-date,"['rec38JzAPe4YMnsVz', 'recauiNeP38WC8PNt', 'recgTtcJIa3YX7rrY', 'recpJIjux6FDGwzes', 'recuur7UySFWIhQFU', 'recCzPrblUUtgYDgV']","['recszba8iVSG7utgQ', 'rec8Kl8oAVv8ViYPB']","['rec2mG9JLNc4gsprf', 'rec2kgZXBOJ2Y1Ngx', 'recR2DmmtRVYu2VKD', 'recnjiG4No24tI3Sw', 'rec90zq10FTat1Csg']","['recX6YaGAlnCd3TC0', 'recimJUOu3hksxL6l', 'recNwyVORY86PatO0', 'recF3XcfsCAVikfLq']","['เฟอร์นิเจอร์ตกแต่ง', 'ผ้าม่าน/มู่ลี่', 'วอลเปเปอร์', 'โคมไฟตกแต่ง', 'พรมและผ้าตกแต่ง', 'ภาพและงานศิลป์']","['ประเมินธีมห้องปัจจุบัน', 'หาโอกาสตกแต่งเพิ่มเติม']","['จัดเฟอร์นิเจอร์ใหม่', 'ตกแต่งด้วยของที่มีอยู่', 'เปลี่ยนผ้าม่าน/ปลอกหมอน', 'ใช้โคมไฟเสริมบรรยากาศ', 'ทำความสะอาดของตกแต่ง']","['EZYBUILT บริการออกแบบและติดตั้ง Furniture Fit-in', 'ออกแบบตกแต่งภายใน บิ้วอิน พร้อมติดตั้ง ครบวงจร', 'บริการออกแบบบ้าน', 'บริการสถาปนิก และวิศวกรให้คำปรึกษาเรื่องบ้านที่หน้างาน']"
rec41KAyDUAF6qEa9,2025-06-12T02:36:50.000Z,ผนังมีรอยแตกลายงา,Hairline Wall Cracks,มีรอยแตกร้าวเล็กบางๆ บนผนังปูน คล้ายลายงา,There are fine hairline cracks on the plaster wall surface,"['recLkEqyNFkzqA8GR', 'reciPjowP662LnLuB', 'recDvAJ5InYqjXVOg']",['reci5Kfgf8wswfJ1g'],"['rec6URzdMWheGKvyP', 'recYglfHy7yQ10cbi']","['recEGpmFGDKENZ4aq', 'rec8ZJFwQcxBa5Zm2', 'recbq5zZb0zsdB2V1', 'rec5YeiVEJdXdsbJU', 'recFQY7h9cqFcRZDU', 'recuc97T9jbgkwulU']","['สีน้ำ/สีน้ำมัน', 'สีรองพื้น', 'วัสดุอุดโป๊ว']",['มองหารอยด่างบนผนัง'],"['อุดโป๊วรอยแตกเล็ก', 'ขูดและทาสีเฉพาะจุด']","['บริการทาสีผนังภายใน-ภายนอกด้วยสี Beger', 'บริการทาสี Beger', 'บริการติดตั้งชุดตกแต่งผนัง (The wall) สำหรับภายใน', 'บริการติดตั้งผนังตกแต่ง ไฟเบอร์ซิเมนต์ SCG รุ่น โมดิน่า Wall décor', 'บริการติดตั้งผนังตกแต่ง KMEW รุ่น EXCELLAGE สำหรับภายนอก', 'บริการติดตั้งวอลเปเปอร์ และ Interior Film MeClass']"
rec4zYgI9ZFvB3XiM,2025-06-12T02:36:50.000Z,ผนังมีคราบเชื้อราหรือตะไคร่น้ำ,Mold/Algae Stains on Wall,มีคราบดำของเชื้อราหรือคราบเขียวของตะไคร่ขึ้นตามผนัง,Dark mold or green algae stains are present on wall surfaces,['recwI9sZGmczK1RVM'],['recNERmJQ1PAX4gdR'],['rec9L76QNvp0JNK63'],"['recEGpmFGDKENZ4aq', 'rec8ZJFwQcxBa5Zm2', 'recsX9eXEUe2Gkl9b', 'recDQ0hwu2uytZDop', 'reciLImZDzkW3WEhh']",['น้ำยากันเชื้อรา'],['ตรวจเชื้อราในห้องชื้น'],['ทำความสะอาดคราบเชื้อรา'],"['บริการทาสีผนังภายใน-ภายนอกด้วยสี Beger', 'บริการทาสี Beger', 'บริการพ่นควันฆ่าเชื้อโรค ด้วยระบบ fogging', 'บริการติดตั้งระบบกันน้ำรั่วซึมสำหรับดาดฟ้า โดย MagiX', 'บริการทาสีดาดฟ้ากันซึม']"
rec5cItMuQaEmoEIa,2025-06-12T02:36:50.000Z,ประตูหน้าต่างติดขัด (โครงสร้างยุบ),Sticking Doors/Windows (Structure Shift),ประตูหรือหน้าต่างปิดไม่สนิทหรือติด เพราะโครงสร้างบ้านเปลี่ยน,Doors or windows are difficult to close or misaligned due to structural shifts in the house,"['recg6IRFv35K2qXUf', 'recHfN5rd01bkfPbW', 'reccPMS6d6Vd9RFxm', 'reckhl3fbypXCnJS1', 'recNvxAb4HUjQa9AA', 'recUq5hBrJKDYd2jP', 'rec2DIyEzwIJ4VgYO', 'recYeFOpmOTjBFmyW', 'rec3zBC5seiqkz4G7']","['recVdWfcJQK8U55yD', 'recK0lx8XilIFugIP', 'rectFQ6qmHAO1yEUk']",['rect0LPP5P1OAbAuQ'],"['recaHCfzq91nWMfty', 'recIcVfLAJfMDeAV8', 'recHNeWemPj5V41M5', 'recG7K3b0S666HWbr']","['ฐานราก', 'เสาโครงสร้าง', 'คานโครงสร้าง', 'พื้นคอนกรีต', 'ผนังรับน้ำหนัก', 'เหล็กเสริมโครงสร้าง', 'ประตูไม้', 'หน้าต่าง', 'วงกบประตู/หน้าต่าง']","['สำรวจรอยร้าวเป็นระยะ', 'เช็กการปิดของประตูหน้าต่าง', 'ตรวจเสา-คานที่มองเห็นได้']",['ค้ำยันชั่วคราวจุดแตกร้าวหนัก'],"['บริการติดตั้งประตูหน้าต่างอลูมิเนียมและมุ้งลวดนิรภัย CVT', 'บริการติดตั้งประตูหน้าต่างอลูมิเนียม', 'ประตู หน้าต่าง วินด์เซอร์ สั่งตัดพิเศษ', 'แพ็คเกจบริการรวมสำรวจ ปรับปรุง ต่อเติม พื้นที่รอบบ้านครบวงจร HomeSmile']"
rec6ZZ2BixIR9hyPz,2025-06-12T02:36:50.000Z,ท่อน้ำรั่ว/แตก,Leaking/Burst Pipe,ท่อประปามีน้ำซึมหรือแตกรั่ว ทำให้น้ำไหลออกมา,"Water supply pipe is leaking or has burst, causing water leakage","['rec2Nq5k9ZmePGOvi', 'recvRNJAc2jaSgSoJ']","['rec40cNK0jOwtEhFn', 'reckzQnu4hPUkixeP']","['rec1wcYr89xjXHpAp', 'recKhqq0PfwSkRbYg']","['recRymcaUzpQjn8gC', 'recuhYXVxP4v5No7j']","['ท่อประปา', 'ข้อต่อท่อประปา']","['เช็กมิเตอร์น้ำหาการรั่ว', 'ตรวจใต้ซิงค์และท่อว่ามีน้ำหยด']","['พันเทปประปาที่ข้อต่อรั่ว', 'ปิดวาล์วน้ำเมื่อท่อแตก']","['แก้ไขท่อน้ำอุดตัน', 'บริการติดตั้งปรับปรุงห้องน้ำ']"
rec6xAp5iLGJdsEgu,2025-06-12T02:36:50.000Z,แมลงสาบในครัว,Cockroaches in Kitchen,เห็นแมลงสาบหรือมูลแมลงสาบตามครัวหรือจุดที่มีเศษอาหาร,Cockroaches or their droppings are observed in the kitchen or areas with food scraps,['recYjjXihzcV2bTfD'],['reck6iBYmskZn0atS'],['recVZCekylDdlHivk'],"['recB27Jid4BnaxXtE', 'recsX9eXEUe2Gkl9b']",['สเปรย์ยาฆ่าแมลง'],['วางกับดัก/สังเกตแมลงสาบ'],['ฉีดสเปรย์แมลงสาบตอนกลางคืน'],"['กำจัดและป้องกันแมลงสาบสายพันธุ์เยอรมัน', 'บริการพ่นควันฆ่าเชื้อโรค ด้วยระบบ fogging']"
rec8Yg6hb6CDPQUfc,2025-06-12T02:36:50.000Z,ผ้าม่านหมอง/มีคราบ,Dull or Stained Curtains,ผ้าม่านสีหมองลงหรือมีคราบสกปรกจากฝุ่นและอายุการใช้งาน,Curtains have become dull in color or have dirt stains from dust and age,"['recauiNeP38WC8PNt', 'reclFfpvp7MXCbLjG']",['recgmc52GtohYygsF'],,"['recpc6NvlwzosVpk4', 'recsbhMCWAHSXColJ', 'recR6PzhMy0wmsbg2']","['ผ้าม่าน/มู่ลี่', 'น้ำยาและผ้าทำความสะอาด']",['ตรวจความสะอาดของผ้าม่าน/พรม'],,"['บริการทำความสะอาดและฆ่าเชื้อโรคผ้าม่าน', 'บริการติดตั้งผ้าม่าน มู่ลี่ ฉากกั้นห้อง และวอลเปเปอร์ iCurtain', 'บริการตัดเย็บและติดตั้ง ผ้าม่าน ม่านม้วน มู่ลี่ไม้ วอลล์เปเปอร์ VICHITR']"
rec9QehHoASk3FH7M,2025-06-12T02:36:50.000Z,ใช้งบซ่อมบ้านเกินกำหนด,Maintenance Budget Overrun,ค่าใช้จ่ายในการดูแลซ่อมแซมบ้านสูงเกินกว่างบประมาณที่วางแผนไว้,The cost of home maintenance and repairs is exceeding the planned budget,['reck5L4oCIRPzI5F6'],['recDBx6O0wFM52njH'],['recG19cwBYishDoeg'],"['recF3XcfsCAVikfLq', 'recNwyVORY86PatO0']",['แผนงบประมาณดูแลบ้าน'],['ทบทวนงบประมาณรายไตรมาส'],['ลดค่าใช้จ่ายฟุ่มเฟือย'],"['บริการสถาปนิก และวิศวกรให้คำปรึกษาเรื่องบ้านที่หน้างาน', 'บริการออกแบบบ้าน']"
recALEtz5RdNvMgWe,2025-06-12T02:36:50.000Z,กลอนหรือลูกบิดเสีย,Broken Door Lock/Knob,กลอนประตูหรือลูกบิดประตูชำรุด หมุนหรือล็อกไม่ได้,"Door lock or knob is broken, can't turn or lock properly",['rec2Lzii8s2DTK7bQ'],['recK0lx8XilIFugIP'],,,['กลอน/ลูกบิดประตู'],['เช็กการปิดของประตูหน้าต่าง'],,
recAZyJBkIljH3C4E,2025-06-12T02:36:50.000Z,ศัตรูพืชทำลายสวน,Garden Pests (Insects/Disease),ต้นไม้หรือพืชในสวนถูกศัตรูพืช เช่น เพลี้ย หนอน หรือโรคพืชเล่นงาน ใบเหลืองเหี่ยว,"Plants in the garden are being damaged by pests like aphids, caterpillars, or plant diseases, causing yellowing or wilting","['recM5vN8Hg2Olho3l', 'recxTC3QoY2Z1ZN4S', 'rec0uCzIhPAq9vNud']",['rectbPeIbNsfYWFoG'],['rechQNohHsaBnsW7r'],,"['ต้นไม้ใหญ่', 'พุ่มไม้/แนวรั้วต้นไม้', 'ดินและปุ๋ย']",['ตรวจสุขภาพต้นไม้ใบไม้'],['ฉีดสเปรย์ยาฆ่าแมลงสวน'],
recBCVrfACimQ8WIT,2025-06-12T02:36:50.000Z,ฝุ่นสะสมในบ้าน,Accumulated Dust,ฝุ่นละอองสะสมตามพื้น เฟอร์นิเจอร์ และชั้นวางของภายในบ้าน,"Dust has built up on floors, furniture, and shelves around the house","['recyPNyH186PhRLAW', 'recRRMBzDOzcHqWvl', 'recF8IIWUAptzB499', 'reclFfpvp7MXCbLjG']",['recZIKEaprWCFEFD6'],,"['recvifp51AJLvrbEh', 'recaV8svBvuvG2Y3k', 'rec63Mru1fEyjsR88', 'recEN7WTxYeQ5Q1zb', 'recy4eIeUNC7rqI0x']","['ไม้กวาด', 'ไม้ถูพื้น', 'เครื่องดูดฝุ่น', 'น้ำยาและผ้าทำความสะอาด']",['ปัดฝุ่นบนเฟอร์นิเจอร์'],,"['บริการทำความสะอาดคอนโด (General Cleaning)', 'บริการทำความสะอาดบ้านและคอนโด (Deep Cleaning)', 'เครื่องเติมอากาศดี SCG Active AIR Quality', 'ติดตั้งระบบเติมอากาศให้บ้าน เครื่องเติมอากาศ FRESHNERGY', 'ติดตั้งระบบเครื่องเติมอากาศ แรงดันบวก พร้อมกำจัดกลิ่น AIRWAVE+']"
recBZMyWx5SNYNR43,2025-06-12T02:36:50.000Z,กลิ่นไม่พึงประสงค์,Unpleasant Odors,มีกลิ่นอับหรือกลิ่นเหม็นภายในบ้าน เช่น จากถังขยะหรือห้องน้ำ,"There are musty or bad smells in the house, e.g., from garbage bins or bathrooms",['reclFfpvp7MXCbLjG'],"['recxP2VNVq9qUHsYt', 'rectAKBnXZnouPi9B', 'reczkq0xez71Rl4ZK']","['recj3mUHJSVfpmkTH', 'recaOGNndeZOSF7tN', 'recbXqF5GLotk9Xmy']","['recsX9eXEUe2Gkl9b', 'recy4eIeUNC7rqI0x', 'recEN7WTxYeQ5Q1zb', 'rec63Mru1fEyjsR88', 'recEIzk19IR00EYAO', 'recvifp51AJLvrbEh', 'recaV8svBvuvG2Y3k', 'recruHFjS8DCSxmHv', 'rechstkPaZIpaWlul']",['น้ำยาและผ้าทำความสะอาด'],"['ทำความสะอาดพื้นทุกสัปดาห์', 'จัดการขยะทุกวัน', 'ตรวจมุมอับซ่อนสิ่งสกปรก']","['เปิดหน้าต่างระบายกลิ่น', 'ใช้เครื่องฟอกอากาศ', 'โรยเบกกิ้งโซดาดับกลิ่นพรม']","['บริการพ่นควันฆ่าเชื้อโรค ด้วยระบบ fogging', 'ติดตั้งระบบเครื่องเติมอากาศ แรงดันบวก พร้อมกำจัดกลิ่น AIRWAVE+', 'ติดตั้งระบบเติมอากาศให้บ้าน เครื่องเติมอากาศ FRESHNERGY', 'เครื่องเติมอากาศดี SCG Active AIR Quality', 'ระบบไอออนกำจัดเชื้อโรคในอากาศ และดักจับฝุ่น PM2.5 SCG Bi-ion', 'บริการทำความสะอาดคอนโด (General Cleaning)', 'บริการทำความสะอาดบ้านและคอนโด (Deep Cleaning)', 'ทำความสะอาดห้องน้ำ', 'บริการล้างบ่อดักไขมัน']"
recCcAEKfOSRbfB8g,2025-06-12T02:36:50.000Z,โถสุขภัณฑ์อุดตัน/กดไม่ลง,Clogged Toilet/Flush Failure,ชักโครกกดน้ำไม่ลงหรือน้ำเอ่อ เนื่องจากการอุดตัน,Toilet fails to flush or water overflows due to blockage,['rec3rTlFs4MB7IevL'],,['recVfZW8jLi9V2l2T'],"['recRymcaUzpQjn8gC', 'rec7xYQBnzQet4QZP', 'recj3LvT5XIeooExa', 'recuhYXVxP4v5No7j']",['โถสุขภัณฑ์'],,['ใช้ปั๊มยางแก้ส้วมตัน'],"['แก้ไขท่อน้ำอุดตัน', 'ติดตั้งสุขภัณฑ์ธรรมดา', 'ติดตั้งสุขภัณฑ์อัตโนมัติ', 'บริการติดตั้งปรับปรุงห้องน้ำ']"
recCw5FrTwc4SUu1L,2025-06-12T02:36:50.000Z,เสียงดังผิดปกติจากระบบ,Unusual Noise from System,มีเสียงดังผิดปกติจากคอมเพรสเซอร์แอร์หรือมอเตอร์พัดลม,Unusual loud noise coming from the AC compressor or ventilation fan motor,"['recDZlSkBf0Ypf8l3', 'reco0yunur1VHzO3o', 'recnfaeri99lvt14J']",['rec3PZ3SQnVk7KxJf'],['recNhzQx1GK0v8rpb'],"['recryMZEHATEJKWGf', 'recWgl42lEPM7sFCE']","['เครื่องปรับอากาศ', 'พัดลมระบายอากาศ', 'พัดลมเพดาน']",['เช็กการทำงานพัดลม/มอเตอร์'],['ขันสกรูพัดลมที่หลวม'],"['บริการซ่อมแอร์', 'บริการซ่อมไฟฟ้าภายในบ้าน']"
recFXHzQglXNIwyQ7,2025-06-12T02:36:50.000Z,สัตว์เลี้ยงกัดแทะสิ่งของ,Pets Chewing Objects,สัตว์เลี้ยง เช่น ลูกสุนัข แทะสายไฟ รองเท้า หรือข้าวของเครื่องใช้,"Pets (e.g., a puppy) chew on wires, shoes, or other household items causing damage",['reccjBMFSOL61D58X'],"['recrDXvHcTKI1ZcJI', 'recZ9OKwyq1eyVOk2']",['rec1dFLDFJM9sxxtF'],,['กรง/บ้านสัตว์เลี้ยง'],"['ตรวจรั้ว/กรงสัตว์เลี้ยง', 'ดูสายไฟและของใช้ถูกแทะ']",['สเปรย์ไล่สัตว์เลี้ยง'],
recH02h0y1IQhBnYl,2025-06-12T02:36:50.000Z,ผนังหรือพื้นแตกร้าว,Cracks in Wall/Floor,ปรากฏรอยแตกร้าวบนผนังหรือพื้นคอนกรีตของบ้าน,Visible cracks have formed on the walls or concrete floors of the house,"['recg6IRFv35K2qXUf', 'recHfN5rd01bkfPbW', 'reccPMS6d6Vd9RFxm', 'reckhl3fbypXCnJS1', 'recNvxAb4HUjQa9AA', 'recUq5hBrJKDYd2jP', 'recwDPvvK0CtABNdi', 'recDvAJ5InYqjXVOg']","['recVdWfcJQK8U55yD', 'rectFQ6qmHAO1yEUk']","['recymWCwwyE1ycAfh', 'rect0LPP5P1OAbAuQ']","['recEGpmFGDKENZ4aq', 'rec8ZJFwQcxBa5Zm2', 'recRs4GyrsQQaqZUv', 'recLFHhAsgP8NQL5H', 'recbq5zZb0zsdB2V1', 'rec5YeiVEJdXdsbJU', 'recFQY7h9cqFcRZDU', 'recG7K3b0S666HWbr']","['ฐานราก', 'เสาโครงสร้าง', 'คานโครงสร้าง', 'พื้นคอนกรีต', 'ผนังรับน้ำหนัก', 'เหล็กเสริมโครงสร้าง', 'ยาแนว/ซีลแลนท์', 'วัสดุอุดโป๊ว']","['สำรวจรอยร้าวเป็นระยะ', 'ตรวจเสา-คานที่มองเห็นได้']","['อุดรอยร้าวเล็กด้วยซีเมนต์/ยาแนว', 'ค้ำยันชั่วคราวจุดแตกร้าวหนัก']","['บริการทาสีผนังภายใน-ภายนอกด้วยสี Beger', 'บริการทาสี Beger', 'บริการทำพื้นคอนกรีต เท ปาด ขัด', 'บริการปูกระเบื้อง จากสินค้าแบรนด์จระเข้', 'บริการติดตั้งชุดตกแต่งผนัง (The wall) สำหรับภายใน', 'บริการติดตั้งผนังตกแต่ง ไฟเบอร์ซิเมนต์ SCG รุ่น โมดิน่า Wall décor', 'บริการติดตั้งผนังตกแต่ง KMEW รุ่น EXCELLAGE สำหรับภายนอก', 'แพ็คเกจบริการรวมสำรวจ ปรับปรุง ต่อเติม พื้นที่รอบบ้านครบวงจร HomeSmile']"
recH392WIr5AXVBUe,2025-06-12T02:36:50.000Z,ขยะอันตรายถูกทิ้งผิดวิธี,Improper Hazardous Waste Disposal,ทิ้งขยะอันตรายเช่น แบตเตอรี่ หลอดไฟ เคมี ปะปนกับขยะบ้านปกติ,"Hazardous waste like batteries, bulbs, chemicals are thrown out with regular household trash improperly",['recRWRuNqrGz331eG'],['recaSs9Bp6gHcePkf'],,,['ภาชนะขยะอันตราย'],['รวบรวมขยะอันตรายไว้ต่างหาก'],,
recI5OmeM7Heiuziu,2025-06-12T02:36:50.000Z,หนูในฝ้า/ผนัง,Rats in Attic/Walls,ได้ยินเสียงหรือพบร่องรอยหนู (มูลหนู/รอยกัด) บนฝ้าเพดานหรือในผนัง,Hearing noises or finding evidence of rats (droppings/gnaw marks) in the ceiling or walls,['reciAfNDKhKNO292Z'],['rec0Sjp2ae0IOG4Dy'],['rec9kPJwl9tPGWfnU'],['recfHV2E1qfkkQ6aM'],['กับดักหนู'],['ฟังเสียงหนูตอนกลางคืน'],['วางกาวดักหนู'],['กำจัดและป้องกันหนู']
recIa4qwwETdrEQ0S,2025-06-12T02:36:50.000Z,ไม่ทราบราคาค่าวัสดุ/ช่าง,Unaware of Material/Labor Costs,เจ้าของบ้านไม่ทราบข้อมูลราคาวัสดุก่อสร้างหรือค่าแรงช่างที่เป็นมาตรฐาน,Homeowner lacks knowledge of standard costs for materials or contractor labor rates,"['rec5C5XUE1zXiw8Ms', 'recCDzj1Yh4eWjydE']",['rec0ULUUl6URf6mR7'],"['recibOx8uwVo3Xp8H', 'recnXVgJcWZvvIhTx']",['recF3XcfsCAVikfLq'],"['ราคาวัสดุอ้างอิง', 'ใบเสนอราคางานซ่อม']",['เปรียบเทียบราคาก่อนซื้อ/จ้าง'],"['ทำเองบางงานแทนจ้าง', 'ต่อรองหรือขอส่วนลด']",['บริการสถาปนิก และวิศวกรให้คำปรึกษาเรื่องบ้านที่หน้างาน']
recIgz50bdOyXR6RP,2025-06-12T02:36:50.000Z,ไม่มีประวัติบำรุงรักษาบ้าน,No Maintenance Records,ไม่ได้เก็บบันทึกหรือใบเสร็จการซ่อมบำรุงใดๆ ของบ้าน ทำให้ไม่รู้ประวัติ,"No records or receipts of any home maintenance were kept, so there's no service history for the house",['recrz1D0aqkp6elSD'],['rec8vc6OhwpQp0sdR'],,,['ตารางบันทึกรายจ่าย'],['จัดแฟ้มบันทึกซ่อมบ้าน'],,
recJTwFpsDoC5GWhn,2025-06-12T02:36:50.000Z,การระบายอากาศไม่เพียงพอ,Insufficient Ventilation,ห้องอับไม่มีการถ่ายเทอากาศเพียงพอ รู้สึกอุดอู้,"Room is stuffy with not enough air circulation, causing discomfort","['reco0yunur1VHzO3o', 'recMHIfDjmuYU00OR']",['rec6AE7ik7yM3XeWp'],['reclfyVqnq4CMU1eQ'],"['recGeiWhFG4wK7L6d', 'recy4eIeUNC7rqI0x', 'recEN7WTxYeQ5Q1zb', 'rec63Mru1fEyjsR88', 'recOYjVlXs3D663uC']","['พัดลมระบายอากาศ', 'ท่อระบายอากาศ']",['ตรวจช่องระบายอากาศ'],['เปิดหน้าต่างระบายอากาศ'],"['ระบบระบายอากาศ Active Airflow System', 'ติดตั้งระบบเครื่องเติมอากาศ แรงดันบวก พร้อมกำจัดกลิ่น AIRWAVE+', 'ติดตั้งระบบเติมอากาศให้บ้าน เครื่องเติมอากาศ FRESHNERGY', 'เครื่องเติมอากาศดี SCG Active AIR Quality', 'บริการติดตั้งชุดกระเบื้องและปล่องระบายอากาศ SCG สำหรับระบายอากาศร้อนในโถงหลังคา']"
recJWRDdJTxjB4gAQ,2025-06-12T02:36:50.000Z,ไฟเซ็นเซอร์ไม่ติด,Motion Light Not Turning On,ไฟรักษาความปลอดภัยที่มีเซ็นเซอร์ตรวจจับการเคลื่อนไหวไม่เปิดทำงานเมื่อมีคนผ่าน,The motion-activated security light does not turn on when someone passes by,['recar9Kk6mAh7PvLU'],['rec4tMXDzu9sqy147'],['recZhErluzYLmzVhp'],"['recWgl42lEPM7sFCE', 'recaMlGvSRSuqozg2']",['ไฟเซ็นเซอร์รักษาความปลอดภัย'],['ตรวจมุมกล้องและไฟเซ็นเซอร์'],['ปรับมุมเซ็นเซอร์'],"['บริการซ่อมไฟฟ้าภายในบ้าน', 'บริการติดตั้งอุปกรณ์เพื่อบ้านอัจฉริยะ']"
recJXD3NfRNPjwQhr,2025-06-12T02:36:50.000Z,ไม่เข้าใจประกันภัยบ้าน,Unclear on Insurance Coverage,เจ้าของบ้านไม่เข้าใจเงื่อนไขและความคุ้มครองของประกันภัยบ้านที่ถืออยู่,Homeowner is unsure about the terms and coverage of their home insurance policy,['recgJk3GK5sIMc7BD'],['recQepvMgQeaC1oOH'],['recguu4LMvI4kLiJb'],,['กรมธรรม์ประกันภัยบ้าน'],['ทบทวนกรมธรรม์ประกันบ้าน'],['เช็คประกัน/นโยบายช่วยเหลือ'],
recKnKDWPpAxDpYke,2025-06-12T02:36:50.000Z,ไฟตก/ไฟเกิน,Voltage Drop/Surge,แรงดันไฟฟ้าตกหรือเกินกว่าปกติในระบบไฟฟ้าบ้าน,Electrical voltage in the house dropping too low or spiking too high,"['reckUeh1OS2PeHugO', 'recXJH8RljDrmpHTC', 'recPhQqalFbWCWzZT', 'recqVtAAJMXDBtvff', 'recEjxuY8F8u31N3i']","['recHKFAO8kXTFiZ7p', 'reciXxROpIkvXTKEP', 'recc3TomJSbvKXzjp']","['reci2A92jnUkOZ9PI', 'recJhf4ZcNZO6bwMH']",['recWgl42lEPM7sFCE'],"['สายไฟ', 'ตู้โหลดไฟ / เบรกเกอร์', 'เต้ารับ (ปลั๊กไฟ)', 'สวิตช์ไฟ', 'หลอดไฟ']","['ตรวจสายไฟและอุปกรณ์ว่าชำรุดหรือไม่', 'เช็กตู้โหลด/เบรกเกอร์ว่าปกติ', 'ตรวจโหลดการใช้ไฟต่อวงจร']","['รีเซ็ตเบรกเกอร์เมื่อไฟตก', 'ถอดปลั๊กอุปกรณ์ที่ไม่ได้ใช้']",['บริการซ่อมไฟฟ้าภายในบ้าน']
recKsdeLqWufqLYey,2025-06-12T02:36:50.000Z,นกหรือสัตว์รบกวนอื่นๆ,Birds/Pests Nesting,นกพิราบหรือสัตว์รบกวนอื่นทำรังหรือเข้ามาอาศัยบนชายคาหรือในพื้นที่บ้าน,Pigeons or other nuisance animals are nesting under the eaves or in areas of the home,['rec0grIwpqiFexxYh'],['recjthS6mfsjrvHeC'],,['recMRfbvJvwsfjyI0'],['มุ้งลวด'],['ตรวจตาข่ายกันนก'],,['บริการติดตั้งอุปกรณ์ป้องกันนกพิราบ by Q-Chang']
recLsg9g6Z5IbfuME,2025-06-12T02:36:50.000Z,เชื้อราในห้องน้ำ,Mold/Mildew in Bathroom,ราดำหรือคราบเชื้อราขึ้นตามยาแนวกระเบื้องหรือผนังห้องน้ำ,Black mold or mildew appearing along tile grout or bathroom walls,"['reclFfpvp7MXCbLjG', 'recwI9sZGmczK1RVM']",['rec6m8LoTk1jrUq3q'],['recMmfUSg2Zmcb9nR'],"['recruHFjS8DCSxmHv', 'recsX9eXEUe2Gkl9b']","['น้ำยาและผ้าทำความสะอาด', 'น้ำยากันเชื้อรา']",['ล้างห้องน้ำทุกสัปดาห์'],['ใช้น้ำส้มสายชูขจัดคราบ'],"['ทำความสะอาดห้องน้ำ', 'บริการพ่นควันฆ่าเชื้อโรค ด้วยระบบ fogging']"
recMd95NIZ795gtkD,2025-06-12T02:36:50.000Z,เฟอร์นิเจอร์ชำรุด/เก่า,Worn or Damaged Furniture,เฟอร์นิเจอร์ เช่น โซฟา โต๊ะ มีรอยชำรุดหรือสภาพเก่าทรุดโทรม,"Furniture (e.g., sofa, table) is damaged or has become worn and shabby",['rec38JzAPe4YMnsVz'],['recMEMifc8j6iVOpA'],,"['recX6YaGAlnCd3TC0', 'recimJUOu3hksxL6l']",['เฟอร์นิเจอร์ตกแต่ง'],['ตรวจเฟอร์นิเจอร์ชำรุด'],,"['EZYBUILT บริการออกแบบและติดตั้ง Furniture Fit-in', 'ออกแบบตกแต่งภายใน บิ้วอิน พร้อมติดตั้ง ครบวงจร']"
recNcsVy4qPETinu8,2025-06-12T02:36:50.000Z,เลือกช่างไม่ได้คุณภาพ (เปลืองเงิน),Poor Contractor Choice Wastes Money,จ้างผู้รับเหมาหรือช่างที่ทำงานไม่มีคุณภาพ ต้องเสียเงินแก้งานซ้ำ,"Hired a contractor/handyman who did low-quality work, leading to extra costs to fix mistakes",['recCDzj1Yh4eWjydE'],['rec0ULUUl6URf6mR7'],,['recF3XcfsCAVikfLq'],['ใบเสนอราคางานซ่อม'],['เปรียบเทียบราคาก่อนซื้อ/จ้าง'],,['บริการสถาปนิก และวิศวกรให้คำปรึกษาเรื่องบ้านที่หน้างาน']
recNwCG7roHmoR3vE,2025-06-12T02:36:50.000Z,ขนสัตว์เลี้ยงหลุดร่วงมาก,Excessive Pet Hair Shedding,ขนสุนัขหรือแมวหล่นตามพื้นและเฟอร์นิเจอร์จำนวนมาก,Dog or cat hair is shedding and accumulating heavily on floors and furniture,"['receBD6KCegm3kTz2', 'recF8IIWUAptzB499']",['recE7SPGTVaQ3rgpE'],['rec8CMbJq4wM0kh8h'],"['rec5oLbmdHkHaFP35', 'recE77PAw72d9FdQL', 'recaV8svBvuvG2Y3k']","['แปรง/หวีสำหรับสัตว์เลี้ยง', 'เครื่องดูดฝุ่น']",['แปรงขนสัตว์เลี้ยงประจำ'],['ใช้ลูกกลิ้งเก็บขน'],"['บริการทำความสะอาดและฆ่าเชื้อโรคพรม', 'บริการทำความสะอาดและฆ่าเชื้อโรคโซฟา', 'บริการทำความสะอาดบ้านและคอนโด (Deep Cleaning)']"
recPO2Z3SzOINNRGO,2025-06-12T02:36:50.000Z,ดินรอบบ้านทรุดเป็นโพรง,Soil Erosion/Voids around House,ดินรอบๆ ตัวบ้านทรุดตัวลงเกิดช่องโพรงใต้ฐานบ้าน,"Soil around the house has settled, creating voids under the foundation",['recg6IRFv35K2qXUf'],['recNLrPIcbYDR8b0k'],['recc2G642zybdk4En'],"['recyb62eRhRYEVu91', 'rec9w4UTetQITOJaN']",['ฐานราก'],['สำรวจดินรอบบ้าน'],['เติมดินอุดโพรงใต้บ้าน'],"['บริการปิดโพรงรอบบ้านด้วยแผ่น Smartboard', 'ปิดโพรงรอบบ้าน']"
recQsQqNwmLxPYfAr,2025-06-12T02:36:50.000Z,สายไฟชำรุด,Damaged Wiring,สายไฟฟ้าเก่าหรือฉนวนหุ้มสายไฟเสื่อมสภาพจนเห็นทองแดง,"Electrical wiring is old or insulation is worn, exposing the conductor",['reckUeh1OS2PeHugO'],"['recHKFAO8kXTFiZ7p', 'recQYCdYd17xQN2RE']",['recXsOIBM4MbM6Coa'],['recWgl42lEPM7sFCE'],['สายไฟ'],"['ตรวจสายไฟและอุปกรณ์ว่าชำรุดหรือไม่', 'ปิดคัตเอาต์หลักก่อนซ่อม']",['พันเทปแก้ฉนวนสายไฟชั่วคราว'],['บริการซ่อมไฟฟ้าภายในบ้าน']
recR2D2QWlCXo6Tno,2025-06-12T02:36:50.000Z,ไม่มีเงินสำรองยามฉุกเฉิน,No Emergency Repair Fund,ไม่มีเงินออมเผื่อไว้สำหรับใช้ซ่อมแซมบ้านเมื่อเกิดเหตุฉุกเฉิน,No savings have been set aside to cover home repair costs in case of emergencies,['rec2omuvTifsWfKtn'],['recrO0aiPisU8oMvk'],['recG19cwBYishDoeg'],,['กองทุนฉุกเฉิน'],['กันเงินสำรองทุกเดือน'],['ลดค่าใช้จ่ายฟุ่มเฟือย'],
recRDjqDDzjqaB2m8,2025-06-12T02:36:50.000Z,คราบสกปรกบนผนัง/ฝ้า,Stains/Smudges on Walls/Ceiling,มีคราบสกปรกหรือรอยนิ้วมือ รอยน้ำ บนผนังหรือฝ้าเพดาน,"Dirty stains, fingerprints, or water marks are visible on walls or the ceiling",['reclFfpvp7MXCbLjG'],,,"['recaV8svBvuvG2Y3k', 'recvifp51AJLvrbEh', 'recEGpmFGDKENZ4aq', 'rec8ZJFwQcxBa5Zm2', 'recbq5zZb0zsdB2V1', 'rec5YeiVEJdXdsbJU', 'recFQY7h9cqFcRZDU', 'recuc97T9jbgkwulU']",['น้ำยาและผ้าทำความสะอาด'],,,"['บริการทำความสะอาดบ้านและคอนโด (Deep Cleaning)', 'บริการทำความสะอาดคอนโด (General Cleaning)', 'บริการทาสีผนังภายใน-ภายนอกด้วยสี Beger', 'บริการทาสี Beger', 'บริการติดตั้งชุดตกแต่งผนัง (The wall) สำหรับภายใน', 'บริการติดตั้งผนังตกแต่ง ไฟเบอร์ซิเมนต์ SCG รุ่น โมดิน่า Wall décor', 'บริการติดตั้งผนังตกแต่ง KMEW รุ่น EXCELLAGE สำหรับภายนอก', 'บริการติดตั้งวอลเปเปอร์ และ Interior Film MeClass']"
recRiHMkbyNN9mlPO,2025-06-12T02:36:50.000Z,รอยขีดข่วนจากสัตว์เลี้ยง,Pet Scratch/Bite Damage,พื้นผิวเฟอร์นิเจอร์ ประตู หรือพื้นมีรอยข่วนหรือกัดจากสัตว์เลี้ยง,"Furniture, doors, or floors have scratch marks or bite damage from pets",['rec38JzAPe4YMnsVz'],,['rec3uTKjKL1PsHkID'],,['เฟอร์นิเจอร์ตกแต่ง'],,['ติดเทปกันข่วนเฟอร์นิเจอร์'],
recT1foqn7bgHoWHW,2025-06-12T02:36:50.000Z,ปั๊มน้ำทำงานผิดปกติ,Water Pump Malfunction,ปั๊มน้ำทำงานตลอดเวลา หรือไม่ตัดการทำงานตามแรงดันที่ตั้งไว้,"Water pump runs continuously or does not cut off at the set pressure, indicating a malfunction",['recrrtA5DSeFx0rjH'],['reclfsFEwHHWqAoXE'],['reclA3KBIKopuS0nV'],['reccIGaR1bGv7pkwm'],['ปั๊มน้ำ'],['ตรวจปั๊มน้ำและถังแรงดัน'],['รีเซ็ตปั๊มน้ำ'],['บริการเปลี่ยนปั๊มน้ำ']
recT3vKKrvx7pcWac,2025-06-12T02:36:50.000Z,มีกลิ่นอับจากระบบแอร์,Musty AC Odor,มีกลิ่นเหม็นอับออกมาจากแอร์เมื่อเปิดใช้งาน,A musty or unpleasant smell comes from the AC when it operates,"['recDZlSkBf0Ypf8l3', 'recmw1EjPo43Jo5Qz']",['reca7pS24nALaPT5t'],['recI2eYB8QQese1sY'],"['recjYIPLzCp8ORp61', 'recTXaVB9YMQwvkeg', 'recEumIMxRrwOAKDY', 'recy4eIeUNC7rqI0x', 'recEN7WTxYeQ5Q1zb', 'rec63Mru1fEyjsR88']","['เครื่องปรับอากาศ', 'แผ่นกรองอากาศ']",['ล้างหรือเปลี่ยนฟิลเตอร์แอร์'],['ทำความสะอาดคอยล์เย็นแอร์'],"['บริการล้างแอร์แบบติดผนัง', 'บริการล้างเครื่องปรับอากาศ แบบแอร์เปลือย/แอร์ฝังซ่อน', 'ล้างแอร์ พร้อมอบโอโซน', 'ติดตั้งระบบเครื่องเติมอากาศ แรงดันบวก พร้อมกำจัดกลิ่น AIRWAVE+', 'ติดตั้งระบบเติมอากาศให้บ้าน เครื่องเติมอากาศ FRESHNERGY', 'เครื่องเติมอากาศดี SCG Active AIR Quality']"
recTTfw8kqdOIYWSL,2025-06-12T02:36:50.000Z,กิ่งไม้หัก/ต้นไม้เอียง,Broken Branches/Tree Leaning,มีกิ่งไม้ใหญ่หักค้างหรือโค่นเอียง ซึ่งอาจหล่นสร้างความเสียหาย,"Large tree branches are broken and hanging or a tree is leaning, posing a risk of falling","['recM5vN8Hg2Olho3l', 'recxTC3QoY2Z1ZN4S']",['rectbPeIbNsfYWFoG'],['recCOEpVcQn3u6TGC'],['rec1KItbnMhxfztK9'],"['ต้นไม้ใหญ่', 'พุ่มไม้/แนวรั้วต้นไม้']",['ตรวจสุขภาพต้นไม้ใบไม้'],['ค้ำหรือมัดกิ่งที่เอน'],['บริการติดตั้งชุดโครงเหล็กค้ำยันต้นไม้พร้อมเสาเข็มเหล็ก']
recUPXHvx6i6Ve7Kk,2025-06-12T02:36:50.000Z,มดขึ้นอาหาร,Ants Infesting Food,มีมดจำนวนมากขึ้นตอมอาหารหรือน้ำตาลที่เก็บไว้ไม่มิดชิด,A lot of ants are found swarming over food or sugar that was not well sealed,['rec4VgF52fl7nLt6S'],['recgNWGAxTdqWOhbZ'],['recHZgDnXfNJGPuYt'],,['เจลหรือเหยื่อกำจัดมด'],['ตรวจมุมห้องครัวมีมด'],['โรยผงชอล์กกันมด'],
recVOJOQnB8qIgviw,2025-06-12T02:36:50.000Z,พื้นทรุดตัว,Floor Settlement,พื้นบ้านทรุดต่ำลงหรือแอ่นตัวไม่เรียบดังเดิม,"The floor has sunken or sagged, no longer level as before","['recg6IRFv35K2qXUf', 'recHfN5rd01bkfPbW', 'reccPMS6d6Vd9RFxm', 'reckhl3fbypXCnJS1', 'recNvxAb4HUjQa9AA', 'recUq5hBrJKDYd2jP']","['recVdWfcJQK8U55yD', 'rectFQ6qmHAO1yEUk', 'recNLrPIcbYDR8b0k']","['recc2G642zybdk4En', 'recbaHqGlY3TxWtml']","['recyb62eRhRYEVu91', 'rec9w4UTetQITOJaN', 'recG7K3b0S666HWbr']","['ฐานราก', 'เสาโครงสร้าง', 'คานโครงสร้าง', 'พื้นคอนกรีต', 'ผนังรับน้ำหนัก', 'เหล็กเสริมโครงสร้าง']","['สำรวจรอยร้าวเป็นระยะ', 'ตรวจเสา-คานที่มองเห็นได้', 'สำรวจดินรอบบ้าน']","['เติมดินอุดโพรงใต้บ้าน', 'ปรับระดับพื้นผิวเฉพาะจุด']","['บริการปิดโพรงรอบบ้านด้วยแผ่น Smartboard', 'ปิดโพรงรอบบ้าน', 'แพ็คเกจบริการรวมสำรวจ ปรับปรุง ต่อเติม พื้นที่รอบบ้านครบวงจร HomeSmile']"
recVYKvvxXqkzKRJ3,2025-06-12T02:36:50.000Z,หลังคารั่วซึม,Roof Leak,หลังคามีน้ำรั่วซึมเข้าภายในบ้านเมื่อฝนตก,The roof leaks water into the home during rain,"['recJuFySaJRewjnkv', 'recChJ3APfFnTHelm', 'recEv228jDmetRzuK', 'recwDPvvK0CtABNdi']","['rec3bfYECSjXWgJ6p', 'recbybxdpQ9ZqPVNz', 'rec0kZ5gFxguMosys']","['recN9TWmXvfSKF2P5', 'recnBCdEeS48t7nab']","['recdw9P9iqOSmLhH2', 'recQ5tD3JzEYloXq1', 'recOooPnyS4bqaKnM', 'recfRdkxoM7R0dGKs', 'recpCmbQH2pB8GwgP', 'recoJLOooCTcm4GZx', 'rec7C1KmNAhrHIF6I', 'reczoZ2lp4PtZO1qB']","['กระเบื้องมุงหลังคา', 'ครอบสันหลังคา', 'แผ่นปิดรอยต่อหลังคา', 'ยาแนว/ซีลแลนท์']","['ส่องดูคราบน้ำใต้หลังคา', 'สำรวจความเสียหายหลังพายุ', 'ตรวจดูหลังคาจากภายนอก']","['เปลี่ยนกระเบื้องที่เสียหาย', 'ทากาวหรือเทปปิดรูรั่ว']","['บริการซ่อมรั่วหลังคาเฉพาะจุด (ROOF REPAIR)\u200b', 'บริการซ่อมรั่วหลังคาทาวน์เฮาส์ ทาวน์โฮม (TOP UP ROOF)\u200b', 'บริการตรวจสอบปัญหาซ่อมรั่วหลังคาและซ่อมฝ้าเพดาน', 'บริการตรวจสอบและซ่อมรั่วหลังคา ทุกประเภทหลังคา', 'บริการรื้อ – เปลี่ยนหลังคาเก่าทั้งผืน (RE-ROOF)\u200b', 'บริการติดตั้งหลังคาเมทัลชีทบนหลังคาลอนคู่เดิม (Double Roof)', 'หลังคา SCG พร้อมบริการติดตั้งเหมาเบ็ดเสร็จ', 'บริการติดตั้งเฉพาะโครงหลังคาหรือกระเบื้องหลังคาบ้านใหม่']"
recVaeQxvxVSiWQkq,2025-06-12T02:36:50.000Z,ของตกแต่งจัดวางไม่ดี,Decor Items Poorly Arranged,การจัดวางของตกแต่ง (รูปภาพ ของโชว์) ดูรกตาหรือไม่เป็นธีม,"Decorative items (pictures, displays) are arranged in a cluttered or thematically inconsistent way","['rec38JzAPe4YMnsVz', 'recCzPrblUUtgYDgV']",['recszba8iVSG7utgQ'],['rec2mG9JLNc4gsprf'],['recimJUOu3hksxL6l'],"['เฟอร์นิเจอร์ตกแต่ง', 'ภาพและงานศิลป์']",['ประเมินธีมห้องปัจจุบัน'],['จัดเฟอร์นิเจอร์ใหม่'],['ออกแบบตกแต่งภายใน บิ้วอิน พร้อมติดตั้ง ครบวงจร']
recVcEAIUun7ko2Lz,2025-06-12T02:36:50.000Z,สาย/พอร์ตเครือข่ายเสีย,Damaged Cable/Port,สาย LAN ขาด ชำรุด หรือพอร์ตเชื่อมต่อบนเราเตอร์/สวิตช์เสียหาย,A LAN cable is broken or a port on the router/switch is damaged and nonfunctional,"['recc8HIUJeCiElzwF', 'rechDQRDAzXgQrGnR']",['rec0QM6ST8anFMBbK'],['recnbBrYHYlWd0auT'],,"['สาย LAN', 'สวิตช์เครือข่าย']",['ตรวจอุปกรณ์เชื่อมต่อ'],['เปลี่ยนสาย LAN ที่ชำรุด'],
recVes6NAdwGS9CZU,2025-06-12T02:36:50.000Z,น้ำไม่ไหล/แรงดันต่ำ,No Water Flow/Low Pressure,เปิดก็อกแล้วน้ำไม่ออก หรือแรงดันน้ำน้อยกว่าปกติ,No water comes out of taps or the water pressure is very low,"['rec2Nq5k9ZmePGOvi', 'recgeayw8QNZtk4jG', 'recrrtA5DSeFx0rjH', 'rec8A5OTw8wcIhxMZ']","['reci0cBLwUDDidLci', 'reclfsFEwHHWqAoXE', 'recoFbv8P4CdpG9qU']",['reclA3KBIKopuS0nV'],"['reccIGaR1bGv7pkwm', 'recpo6Hyw7EemLeee', 'recbVcjEq22T8mtPr']","['ท่อประปา', 'วาล์วน้ำ', 'ปั๊มน้ำ', 'ถังเก็บน้ำ']","['ทดสอบแรงดันน้ำหลายก็อก', 'ตรวจปั๊มน้ำและถังแรงดัน', 'หมุนวาล์วน้ำหลักเป็นระยะ']",['รีเซ็ตปั๊มน้ำ'],"['บริการเปลี่ยนปั๊มน้ำ', 'บริการเปลี่ยนแท็งค์น้ำ', 'บริการติดตั้งแท็งค์น้ำ ระบบในตัว (Water-Pac)']"
recVlSVdEsqfrQ5fj,2025-06-12T02:36:50.000Z,สีซีดจาง/หม่นหมอง,Faded/Discolored Paint,สีทาบ้านซีดลงหรือเปลี่ยนสีเนื่องจากแดดหรืออายุการใช้งาน,House paint has faded or discolored over time due to sun exposure or aging,"['recLkEqyNFkzqA8GR', 'reciPjowP662LnLuB']",['rect38fqRlVlxVJJr'],['recYglfHy7yQ10cbi'],"['recEGpmFGDKENZ4aq', 'rec8ZJFwQcxBa5Zm2', 'recbq5zZb0zsdB2V1', 'rec5YeiVEJdXdsbJU', 'recFQY7h9cqFcRZDU', 'recuc97T9jbgkwulU']","['สีน้ำ/สีน้ำมัน', 'สีรองพื้น']",['ตรวจผนังภายนอก'],['ขูดและทาสีเฉพาะจุด'],"['บริการทาสีผนังภายใน-ภายนอกด้วยสี Beger', 'บริการทาสี Beger', 'บริการติดตั้งชุดตกแต่งผนัง (The wall) สำหรับภายใน', 'บริการติดตั้งผนังตกแต่ง ไฟเบอร์ซิเมนต์ SCG รุ่น โมดิน่า Wall décor', 'บริการติดตั้งผนังตกแต่ง KMEW รุ่น EXCELLAGE สำหรับภายนอก', 'บริการติดตั้งวอลเปเปอร์ และ Interior Film MeClass']"
recVy7GXi9WRTUJXO,2025-06-12T02:36:50.000Z,สนามหญ้ารก,Overgrown Lawn,หญ้าในสนามยาวและรกขึ้นเนื่องจากไม่ได้ตัดเป็นเวลานาน,The grass in the lawn has grown long and wild due to not being mowed for a long time,"['recGBXLvKeldJDdin', 'recXkKJ7y4VlyUvTX']",['recUoxGtZtmli5nUp'],['recXBnoxUsHjP0y5b'],"['recXtBDEE3QqeLN7C', 'recR9ZVdeDDvK3SDh', 'recAN31lhgj0Hkews']","['สนามหญ้า', 'เครื่องตัดหญ้า']",['ตัดหญ้าและกำจัดวัชพืชประจำ'],['ตัดแต่งหญ้า/ต้นไม้เองชั่วคราว'],"['บริการติดตั้งออกแบบจัดสวนและปรับภูมิทัศน์', 'บริการออกแบบ จัดสวน ปรับภูมิทัศน์', 'หญ้าเทียมพร้อมบริการติดตั้ง']"
recWAIeqPhaFLElGs,2025-06-12T02:36:50.000Z,เอกสารบ้านสูญหาย,Lost Home Documents,"เอกสารสำคัญของบ้าน (เช่น โฉนด, แบบบ้าน) สูญหายหรือหาไม่พบ","Important house documents (title deed, plans, etc.) are lost or cannot be located","['rec3X5OZIUGARlEcl', 'recdpkLaAfXYWQRUy', 'recjTiMtf85YWv6Nq', 'recgJk3GK5sIMc7BD', 'recotgdTf7zrHfMso', 'recGjlhetPI8nd3Q4']","['recJkdZC6WRtuqzV2', 'recW5ysvdcDWZ2OVM']","['recrUvuyMgIbzcNjf', 'recf8MauaiHesbJXm', 'recSHfUoQIm8b6kLN']",,"['โฉนดที่ดิน/บ้าน', 'แบบแปลนบ้าน', 'คู่มือและใบรับประกันเครื่องใช้', 'กรมธรรม์ประกันภัยบ้าน', 'สัญญาว่าจ้างและใบเสร็จ', 'บิลค่าสาธารณูปโภค']","['รวบรวมเอกสารบ้านไว้ที่เดียว', 'ทำสำเนา/สแกนเอกสารสำคัญ']","['แจ้งหน่วยงานและขอสำเนา', 'ใช้งาน e-Document', 'ซื้อแฟ้ม/ตู้นิรภัยขนาดเล็ก']",
recWDseEPuNsnVuqA,2025-06-12T02:36:50.000Z,แอร์ไม่เย็น,AC Not Cooling,เครื่องปรับอากาศทำงานแต่ไม่ให้ความเย็นตามปกติ,Air conditioner runs but does not provide sufficient cooling,"['recDZlSkBf0Ypf8l3', 'recmw1EjPo43Jo5Qz', 'recx5JRkafSWToQTj']","['reca7pS24nALaPT5t', 'rec7uAdZ4i3JDWlzF']","['recI2eYB8QQese1sY', 'receYRNJW3KWtPGPZ']","['recryMZEHATEJKWGf', 'recjYIPLzCp8ORp61', 'recTXaVB9YMQwvkeg', 'recEumIMxRrwOAKDY']","['เครื่องปรับอากาศ', 'แผ่นกรองอากาศ', 'เทอร์โมสตัท']","['ล้างหรือเปลี่ยนฟิลเตอร์แอร์', 'ทำความสะอาดคอยล์ร้อนนอกบ้าน']","['ทำความสะอาดคอยล์เย็นแอร์', 'เติมน้ำยาแอร์ (ช่างเท่านั้น)']","['บริการซ่อมแอร์', 'บริการล้างแอร์แบบติดผนัง', 'บริการล้างเครื่องปรับอากาศ แบบแอร์เปลือย/แอร์ฝังซ่อน', 'ล้างแอร์ พร้อมอบโอโซน']"
recXKOreyzZJKaGpR,2025-06-12T02:36:50.000Z,แสงไฟไม่เหมาะสม,Improper Lighting Ambiance,ระบบไฟในห้องไม่เพียงพอหรือแสงไม่เข้ากับบรรยากาศที่ต้องการ,Room lighting is inadequate or does not match the desired ambiance,"['recpJIjux6FDGwzes', 'recEjxuY8F8u31N3i']",['recjGakW8Vblzg8We'],['recnjiG4No24tI3Sw'],,"['โคมไฟตกแต่ง', 'หลอดไฟ']",['ทดลองไฟในห้อง'],['ใช้โคมไฟเสริมบรรยากาศ'],
recYAhwvpomV4qWLX,2025-06-12T02:36:50.000Z,โครงสร้างเหล็กเป็นสนิม,Structural Steel Rusting,ส่วนเหล็กของโครงสร้าง (เช่น เหล็กเสริม คานเหล็ก) เกิดสนิม,"Structural steel components (e.g., rebar, steel beams) are corroding with rust","['recHfN5rd01bkfPbW', 'reccPMS6d6Vd9RFxm', 'recUq5hBrJKDYd2jP']",['rectFQ6qmHAO1yEUk'],['recbvoGafdUHgmSYZ'],['recG7K3b0S666HWbr'],"['เสาโครงสร้าง', 'คานโครงสร้าง', 'เหล็กเสริมโครงสร้าง']",['ตรวจเสา-คานที่มองเห็นได้'],['ทาสีกันสนิมโครงเหล็ก'],['แพ็คเกจบริการรวมสำรวจ ปรับปรุง ต่อเติม พื้นที่รอบบ้านครบวงจร HomeSmile']
recYyiP0PjWHEreBv,2025-06-12T02:36:50.000Z,ดินเสื่อมคุณภาพ,Soil Quality Degradation,ดินในแปลงสวนขาดสารอาหาร แข็งหรือเป็นกรด/ด่างเกินไป ต้นไม้เจริญเติบโตไม่ดี,"Garden soil has become nutrient-poor or compacted or imbalanced (too acidic/alkaline), causing plants to not grow well",['rec0uCzIhPAq9vNud'],['recsgeCoyyvLoaI7u'],,"['recXtBDEE3QqeLN7C', 'recR9ZVdeDDvK3SDh']",['ดินและปุ๋ย'],['ใส่ปุ๋ยตามกำหนด'],,"['บริการติดตั้งออกแบบจัดสวนและปรับภูมิทัศน์', 'บริการออกแบบ จัดสวน ปรับภูมิทัศน์']"
recZhVqg8FD5KLjMx,2025-06-12T02:36:50.000Z,รางน้ำฝนอุดตัน,Clogged Gutter,ใบไม้หรือเศษขยะอุดตันอยู่ในรางน้ำฝน น้ำไหลลงไม่สะดวก,"Leaves or debris clog the gutter, preventing proper water drainage","['recRCklo0mRCXLOzr', 'recl1QpfktwKQSEv5', 'recvWPeS4B1SYIu3c']","['recf2Zv73ajNNimYW', 'recggrg82iFS5tW7v']",['recqa9qnrQjtSDL7I'],,"['รางน้ำฝน', 'ท่อน้ำลง', 'ตะแกรงกันใบไม้รางน้ำ']","['ทำความสะอาดรางน้ำฝนประจำ', 'ตรวจข้อต่อและความลาดเอียงรางน้ำ']",['ทำความสะอาดสิ่งอุดตัน'],
recZubem63liuAbJL,2025-06-12T02:36:50.000Z,ประกันบ้านหมดอายุ,Home Insurance Lapsed,ประกันภัยที่อยู่อาศัยหมดอายุลงโดยไม่ได้ต่ออายุ ทำให้บ้านไม่มีความคุ้มครอง,"The home insurance policy has expired without renewal, leaving the house uninsured",['recgJk3GK5sIMc7BD'],['recCmZEzPClMUw5H3'],"['recULcRd2lodAuVG8', 'reckk2pmGMAlPdKs0']",,['กรมธรรม์ประกันภัยบ้าน'],['ตรวจวันหมดอายุประกัน/ภาษี'],"['ขยายความคุ้มครองประกัน', 'ทำประกันบ้านใหม่ (ถ้าไม่มี)']",
recaE1lpTFM3qcAzd,2025-06-12T02:36:50.000Z,รางน้ำฝนรั่ว/หลุด,Leaky/Detached Gutter,รางน้ำฝนมีรูรั่วหรือตัวรางหลุดออกจากชายคา,The gutter has holes leaking water or has detached from the eave,"['recRCklo0mRCXLOzr', 'recl1QpfktwKQSEv5', 'recwDPvvK0CtABNdi']",['recggrg82iFS5tW7v'],['recL9Ixcx8nCvmS1d'],"['recdc0cKArMaDLMxx', 'recOlZ4mgYyRmRVJi', 'recvhr7lvsVqJtzFB', 'recVSuua1VyOkNRoD', 'recRnSKTRzgJmbHfN']","['รางน้ำฝน', 'ท่อน้ำลง', 'ยาแนว/ซีลแลนท์']",['ตรวจข้อต่อและความลาดเอียงรางน้ำ'],['ขันหรือเสริมตัวยึดรางน้ำ'],"['บริการติดตั้งรางน้ำฝนไวนิล เอสซีจี HomeSmile', 'บริการติดตั้งรางน้ำฝนไวนิล SCG รุ่น Smart by Q-Chang', 'บริการติดตั้งรางน้ำฝนไวนิล SCG', 'บริการติดตั้งรางน้ำฝนไวนิล SCG รุ่น Deluxe by Q-Chang', 'บริการติดตั้งรางน้ำฝน PVC by Q-Chang\n']"
recaO6dxe0HppKTbL,2025-06-12T02:36:50.000Z,ยุงชุมในบ้าน,Mosquitoes in the House,มียุงจำนวนมากบินอยู่ในบ้าน โดยเฉพาะช่วงเย็น/กลางคืน,"Numerous mosquitoes are present inside the house, especially in the evening/night","['recTYNNq0xPUknM2F', 'rec5pgGNtdqXAb2MM']",['rec5fQ0exUG9SDRgJ'],['rec1HqCTSy75rIxRE'],,"['มุ้งลวดกันยุง', 'เครื่องไล่แมลงอิเล็กทรอนิกส์']",['กำจัดแหล่งน้ำยุง'],['จุดยากันยุง/ใช้ไม้ตียุง'],
recajNMfFtD8j2vVG,2025-06-12T02:36:50.000Z,ไม่ได้บันทึกค่าใช้จ่าย,Failure to Track Expenses,ไม่มีการจดบันทึกหรือเก็บประวัติว่าใช้เงินซ่อมบ้านไปเท่าไรและกับอะไรบ้าง,No record is kept of how much money has been spent on home repairs and on what,"['recrz1D0aqkp6elSD', 'recLaXjg5oJIk3cEM']",['reco3tpwLdp6fgFMm'],['recsWvCmpPpK9qn8x'],,"['ตารางบันทึกรายจ่าย', 'แอปพลิเคชันบริหารการเงิน']",['เก็บใบเสร็จและบันทึกทุกงาน'],['ใช้ของในสต็อกก่อน'],
recao0Hufx3dgiBDN,2025-06-12T02:36:50.000Z,กลอนไฟฟ้าดิจิทัลขัดข้อง,Digital Lock Malfunction,ชุดล็อกประตูดิจิทัลทำงานผิดปกติ ปลดล็อก/ล็อกไม่ได้หรือระบบแฮงค์,"The electronic door lock is malfunctioning, failing to lock/unlock or freezing up",['recOGcLI5CrQdaheY'],['recZtOwwma55X5HR6'],,['recaMlGvSRSuqozg2'],['กุญแจดิจิตอล'],['ตรวจจุดล็อกทุกจุด'],,['บริการติดตั้งอุปกรณ์เพื่อบ้านอัจฉริยะ']
recaogGD3QlzOjxNG,2025-06-12T02:36:50.000Z,แอร์น้ำหยด,AC Water Dripping,น้ำหยดจากเครื่องปรับอากาศภายในบ้านเนื่องจากการอุดตันหรือความชื้น,Water is dripping from the indoor AC unit due to condensate drain issues or humidity,['recDZlSkBf0Ypf8l3'],['recYq5cLb3kV2RDuI'],['recv0M4TnH0PQaNon'],"['recryMZEHATEJKWGf', 'recjYIPLzCp8ORp61', 'recTXaVB9YMQwvkeg', 'recEumIMxRrwOAKDY']",['เครื่องปรับอากาศ'],['ตรวจท่อน้ำทิ้งแอร์'],['แก้ท่อน้ำทิ้งแอร์อุดตัน'],"['บริการซ่อมแอร์', 'บริการล้างแอร์แบบติดผนัง', 'บริการล้างเครื่องปรับอากาศ แบบแอร์เปลือย/แอร์ฝังซ่อน', 'ล้างแอร์ พร้อมอบโอโซน']"
recazJxtMEOPlUCSi,2025-06-12T02:36:50.000Z,ข้อมูลบ้านกระจัดกระจาย,House Info Disorganized,"ข้อมูลสำคัญเกี่ยวกับบ้าน (ค่าไฟ, คู่มือเครื่องใช้, ประวัติงานซ่อม) ถูกเก็บกระจัดกระจายไม่เป็นระบบ","Important info (utility bills, appliance manuals, repair history) is stored in a scattered, unorganized way",['recLaXjg5oJIk3cEM'],['rec8vc6OhwpQp0sdR'],['recf8MauaiHesbJXm'],,['แอปพลิเคชันบริหารการเงิน'],['จัดแฟ้มบันทึกซ่อมบ้าน'],['ใช้งาน e-Document'],
recbAkCxgHMtiqFIb,2025-06-12T02:36:50.000Z,ขยะล้น/สะสม,Trash Overflow/Accumulation,ขยะภายในบ้านถูกสะสมไว้มากเกิน ถังขยะล้นไม่มีการนำออก,"Household garbage is piling up excessively, bins are overflowing without being emptied",['recTJwmPyawzQu2WQ'],['rectAKBnXZnouPi9B'],['recbs4ibEBzfcbIU6'],,['ถังขยะ'],['จัดการขยะทุกวัน'],['ปิดฝาถังขยะให้มิดชิด'],
recbuO3HzIiB8GQR7,2025-06-12T02:36:50.000Z,พัดลม/ระบบระบายอากาศเสีย,Fan/Ventilation Not Working,พัดลมดูดอากาศหรือระบบระบายอากาศไม่ทำงานหรือหมุนช้า,Exhaust fan or ventilation system isn't running or is very slow,"['reco0yunur1VHzO3o', 'recnfaeri99lvt14J', 'recMHIfDjmuYU00OR']","['rec3PZ3SQnVk7KxJf', 'rec6AE7ik7yM3XeWp']",['recNhzQx1GK0v8rpb'],"['recGeiWhFG4wK7L6d', 'recy4eIeUNC7rqI0x', 'recEN7WTxYeQ5Q1zb', 'rec63Mru1fEyjsR88', 'recOYjVlXs3D663uC']","['พัดลมระบายอากาศ', 'พัดลมเพดาน', 'ท่อระบายอากาศ']","['เช็กการทำงานพัดลม/มอเตอร์', 'ตรวจช่องระบายอากาศ']",['ขันสกรูพัดลมที่หลวม'],"['ระบบระบายอากาศ Active Airflow System', 'ติดตั้งระบบเครื่องเติมอากาศ แรงดันบวก พร้อมกำจัดกลิ่น AIRWAVE+', 'ติดตั้งระบบเติมอากาศให้บ้าน เครื่องเติมอากาศ FRESHNERGY', 'เครื่องเติมอากาศดี SCG Active AIR Quality', 'บริการติดตั้งชุดกระเบื้องและปล่องระบายอากาศ SCG สำหรับระบายอากาศร้อนในโถงหลังคา']"
receATgPFQqMo4dZC,2025-06-12T02:36:50.000Z,หน้าต่างปิดไม่สนิท,Window Not Sealing Properly,หน้าต่างปิดไม่แนบสนิท มีช่องว่างให้ลมและน้ำเข้าได้,"The window does not close tightly, leaving gaps for air or water to seep through","['recYeFOpmOTjBFmyW', 'rec3zBC5seiqkz4G7']","['recK0lx8XilIFugIP', 'recxwmkBYjRWbT8iZ']","['rectxsPuJSIJW1v1a', 'recvTL40sE8XcsG7J']","['recaHCfzq91nWMfty', 'recIcVfLAJfMDeAV8', 'recHNeWemPj5V41M5']","['หน้าต่าง', 'วงกบประตู/หน้าต่าง']","['เช็กการปิดของประตูหน้าต่าง', 'เช็กยางขอบประตูหน้าต่าง']","['เปลี่ยนขอบยางประตูหน้าต่าง', 'ขันสกรูบานพับที่หลวม']","['บริการติดตั้งประตูหน้าต่างอลูมิเนียมและมุ้งลวดนิรภัย CVT', 'บริการติดตั้งประตูหน้าต่างอลูมิเนียม', 'ประตู หน้าต่าง วินด์เซอร์ สั่งตัดพิเศษ']"
recewNHMZxNCOyNOp,2025-06-12T02:36:50.000Z,ความเร็วอินเทอร์เน็ตช้า,Slow Internet Speed,ความเร็วในการเชื่อมต่ออินเทอร์เน็ตต่ำกว่าที่ควรจะเป็นหรือช้าผิดปกติ,Internet connection speed is significantly lower than expected or unusually slow,"['recCgwfww8OUZvgvD', 'recDsWhlfk2tr2sDC', 'recc8HIUJeCiElzwF', 'rechDQRDAzXgQrGnR']","['rec8U8i04LTsawIIv', 'rec0QM6ST8anFMBbK', 'recF1k7BSm4H7vf5g']","['recBu8Ub3O4pdH3Wg', 'recnbBrYHYlWd0auT']",,"['เราเตอร์อินเทอร์เน็ต', 'โมเด็ม', 'สาย LAN', 'สวิตช์เครือข่าย']","['ทดสอบความเร็วอินเทอร์เน็ต', 'ตรวจอุปกรณ์เชื่อมต่อ', 'ตรวจอุณหภูมิเราเตอร์']","['รีสตาร์ทเราเตอร์/โมเด็ม', 'เปลี่ยนสาย LAN ที่ชำรุด']",
recexPwZdWVvZfGQA,2025-06-12T02:36:50.000Z,ไม่มีประกันภัยบ้าน,No Home Insurance,ไม่ได้ทำประกันภัยที่อยู่อาศัย บ้านไม่มีหลักประกันความเสียหาย,"No homeowners insurance policy is in place, leaving the house without financial protection from damages",['recgJk3GK5sIMc7BD'],['rec5PIDvUULv2SoS6'],['reckk2pmGMAlPdKs0'],,['กรมธรรม์ประกันภัยบ้าน'],['ตรวจสอบความคุ้มครองประกัน'],['ทำประกันบ้านใหม่ (ถ้าไม่มี)'],
recfEeF3Oc1Alph1C,2025-06-12T02:36:50.000Z,ฟิวส์ขาด/เบรกเกอร์ทริป,Blown Fuse/Tripped Breaker,ฟิวส์ไฟขาดหรือเบรกเกอร์ตัดการทำงานเนื่องจากโหลดเกินหรือไฟฟ้าลัดวงจร,Fuse has blown or breaker has tripped due to overload or short circuit,"['rec0hbutthAWJlaBy', 'recXJH8RljDrmpHTC']","['reciXxROpIkvXTKEP', 'recc3TomJSbvKXzjp']","['reci2A92jnUkOZ9PI', 'recZzv7YMMdMa66H4']",['recWgl42lEPM7sFCE'],"['ฟิวส์ไฟฟ้า', 'ตู้โหลดไฟ / เบรกเกอร์']","['เช็กตู้โหลด/เบรกเกอร์ว่าปกติ', 'ตรวจโหลดการใช้ไฟต่อวงจร']","['รีเซ็ตเบรกเกอร์เมื่อไฟตก', 'เปลี่ยนฟิวส์หรือเบรกเกอร์ที่ไหม้']",['บริการซ่อมไฟฟ้าภายในบ้าน']
recfIvMf1niXfJs1t,2025-06-12T02:36:50.000Z,ของเก่าชิ้นใหญ่กีดขวาง,Bulky Junk Cluttering Space,มีของเก่าขนาดใหญ่ (เฟอร์นิเจอร์/เครื่องใช้เสีย) วางกีดขวางเพราะยังไม่ได้ทิ้ง,Large old items (broken furniture/appliances) are left cluttering the space because they haven't been disposed of,['recTJwmPyawzQu2WQ'],,['recLrJ22VBioIludD'],['recGy4hZW9buXlCxd'],['ถังขยะ'],,['แยกเก็บของเก่าชิ้นใหญ่'],['บริการขนย้าย goodmove']
recfg0IZ2lzo380io,2025-06-12T02:36:50.000Z,ขยะรีไซเคิลปนกับขยะทั่วไป,Recyclables Mixed with Trash,ไม่ได้แยกพลาสติก กระดาษ แก้ว ออกจากขยะทั่วไป ทำให้รีไซเคิลไม่ได้,"Plastics, paper, glass are not separated from regular trash, preventing recycling","['recY7qPJZphwOLdCp', 'recPW03b5PHyqxLvK']",['recLIqKKGnctDGbTy'],['rec1VxwfWZOhPGvCy'],,"['ถังขยะแยกประเภท', 'ถุงขยะรีไซเคิล']",['แยกขยะรีไซเคิล'],['จัดมุมรีไซเคิลง่ายๆ'],
rech1LuvebY54oow5,2025-06-12T02:36:50.000Z,ผนัง/วอลเปเปอร์เปื้อนหรือซีด,Stained/Faded Walls or Wallpaper,ผนังหรือวอลเปเปอร์มีคราบเปื้อน หรือสีสันซีดจางไม่สดใส,Walls or wallpaper have stains or the colors have faded and are no longer vibrant,"['recgTtcJIa3YX7rrY', 'reclFfpvp7MXCbLjG']",,,"['recEGpmFGDKENZ4aq', 'rec8ZJFwQcxBa5Zm2', 'recbq5zZb0zsdB2V1', 'rec5YeiVEJdXdsbJU', 'recFQY7h9cqFcRZDU', 'recuc97T9jbgkwulU']","['วอลเปเปอร์', 'น้ำยาและผ้าทำความสะอาด']",,,"['บริการทาสีผนังภายใน-ภายนอกด้วยสี Beger', 'บริการทาสี Beger', 'บริการติดตั้งชุดตกแต่งผนัง (The wall) สำหรับภายใน', 'บริการติดตั้งผนังตกแต่ง ไฟเบอร์ซิเมนต์ SCG รุ่น โมดิน่า Wall décor', 'บริการติดตั้งผนังตกแต่ง KMEW รุ่น EXCELLAGE สำหรับภายนอก', 'บริการติดตั้งวอลเปเปอร์ และ Interior Film MeClass']"
rechw1ahgfmDI2YLY,2025-06-12T02:36:50.000Z,บานพับหลวมหรือมีเสียงดัง,Loose/Hinges Squeaking,บานพับประตูหรือหน้าต่างหลวม หรือส่งเสียงเอี๊ยดอ๊าดเวลาขยับ,"Door or window hinge is loose, or squeaks loudly when moved",['recQpKCrLMuFqhQZN'],['rec4ghLR26KovuSji'],"['recwYllhu2Ha8r66f', 'recvTL40sE8XcsG7J']","['recaHCfzq91nWMfty', 'recIcVfLAJfMDeAV8', 'recHNeWemPj5V41M5']",['บานพับ'],['ตรวจบานพับและสกรู'],"['หยอดน้ำมันหล่อลื่นบานพับ', 'ขันสกรูบานพับที่หลวม']","['บริการติดตั้งประตูหน้าต่างอลูมิเนียมและมุ้งลวดนิรภัย CVT', 'บริการติดตั้งประตูหน้าต่างอลูมิเนียม', 'ประตู หน้าต่าง วินด์เซอร์ สั่งตัดพิเศษ']"
reciVHX8OWS1IxLeh,2025-06-12T02:36:50.000Z,ครอบสัน/รอยต่อหลังคาเสียหาย,Damaged Ridge/Flashing,ครอบสันหลังคาหลุดหรือแผ่นปิดรอยต่อหลังคาชำรุด ทำให้น้ำรั่ว,"Roof ridge cap is loose or flashing is damaged, allowing water to penetrate","['recChJ3APfFnTHelm', 'recEv228jDmetRzuK', 'recwDPvvK0CtABNdi']","['rec3bfYECSjXWgJ6p', 'recbybxdpQ9ZqPVNz', 'rec0kZ5gFxguMosys']","['recN9TWmXvfSKF2P5', 'recnBCdEeS48t7nab']","['recdw9P9iqOSmLhH2', 'recQ5tD3JzEYloXq1', 'recOooPnyS4bqaKnM', 'recfRdkxoM7R0dGKs', 'recpCmbQH2pB8GwgP', 'reczoZ2lp4PtZO1qB']","['ครอบสันหลังคา', 'แผ่นปิดรอยต่อหลังคา', 'ยาแนว/ซีลแลนท์']","['ส่องดูคราบน้ำใต้หลังคา', 'สำรวจความเสียหายหลังพายุ', 'ตรวจดูหลังคาจากภายนอก']","['เปลี่ยนกระเบื้องที่เสียหาย', 'ทากาวหรือเทปปิดรูรั่ว']","['บริการซ่อมรั่วหลังคาเฉพาะจุด (ROOF REPAIR)\u200b', 'บริการซ่อมรั่วหลังคาทาวน์เฮาส์ ทาวน์โฮม (TOP UP ROOF)\u200b', 'บริการตรวจสอบปัญหาซ่อมรั่วหลังคาและซ่อมฝ้าเพดาน', 'บริการตรวจสอบและซ่อมรั่วหลังคา ทุกประเภทหลังคา', 'บริการรื้อ – เปลี่ยนหลังคาเก่าทั้งผืน (RE-ROOF)\u200b', 'บริการติดตั้งเฉพาะโครงหลังคาหรือกระเบื้องหลังคาบ้านใหม่']"
reciWWw0tzZtN3S3I,2025-06-12T02:36:50.000Z,มุ้งลวดฉีกขาด,Torn Insect Screen,มุ้งลวดหน้าต่าง/ประตูมีรอยขาดหรือรู ทำให้แมลงเข้ามาได้,"The insect screen on a window/door is torn, creating holes that let pests in",['rec0grIwpqiFexxYh'],['recy9a7ENdnpkvhcZ'],['recrHmsXkKz8a54Z1'],"['recMtnY9oThMKEMsu', 'rec3KNE24Op9fW1VI', 'recaHCfzq91nWMfty']",['มุ้งลวด'],['ดูสภาพมุ้งลวด'],['ปะหรือเปลี่ยนมุ้งลวด'],"['บริการติดตั้งมุ้งลวด มุ้งจีบ และมุ้งกันจิ้งจก Cooncho', 'บริการติดตั้งมุ้งลวดนิรภัยสแตนเลส CVT', 'บริการติดตั้งประตูหน้าต่างอลูมิเนียมและมุ้งลวดนิรภัย CVT']"
reciqVFt5dhqWcA4N,2025-06-12T02:36:50.000Z,สารเคลือบผิวไม้หลุดลอก,Wood Finish Peeling,สีหรือแลคเกอร์ที่เคลือบผิวงานไม้หลุดล่อน เผยเนื้อไม้,"Paint or lacquer finish on wooden surfaces is peeling off, exposing bare wood","['rec2DIyEzwIJ4VgYO', 'recYeFOpmOTjBFmyW']",['recq9oB7EmP3kNXJe'],['recqblp1CEMxaT3sC'],"['recX6YaGAlnCd3TC0', 'recimJUOu3hksxL6l', 'recEGpmFGDKENZ4aq']","['ประตูไม้', 'หน้าต่าง']",['เช็กสภาพสีงานไม้'],['ทาสีกันสนิมบนจุดสนิม'],"['EZYBUILT บริการออกแบบและติดตั้ง Furniture Fit-in', 'ออกแบบตกแต่งภายใน บิ้วอิน พร้อมติดตั้ง ครบวงจร', 'บริการทาสีผนังภายใน-ภายนอกด้วยสี Beger']"
reciz7BtQ3BVYgD0F,2025-06-12T02:36:50.000Z,สัญญาณกันขโมยเตือนผิดพลาด,False Alarm Triggers,ระบบสัญญาณกันขโมยส่งเสียงเตือนโดยไม่มีเหตุการณ์ผิดปกติ,The security alarm system goes off without a real intrusion or trigger,"['recVh04C7JgeAYuIJ', 'recnLdk85eY8EP36o']","['recHzMrc4C9Ik00Em', 'recAzU7qq7fVz0ZAJ']","['recjV72ijfz09TUTe', 'recZhErluzYLmzVhp']",['recaMlGvSRSuqozg2'],"['เซ็นเซอร์ประตู/หน้าต่าง', 'ชุดสัญญาณกันขโมย']","['ทดสอบสัญญาณกันขโมย', 'เช็กแบตเตอรี่อุปกรณ์ไร้สาย']","['เปลี่ยนแบตอุปกรณ์ไร้สาย', 'ปรับมุมเซ็นเซอร์']",['บริการติดตั้งอุปกรณ์เพื่อบ้านอัจฉริยะ']
recj4DVW52tSyYMNS,2025-06-12T02:36:50.000Z,สีผนังลอกล่อน,Peeling Wall Paint,สีที่ทาผนังหลุดล่อนออกมาเป็นแผ่นๆ จากพื้นผิว,Wall paint is peeling and coming off in patches from the surface,"['recLkEqyNFkzqA8GR', 'reciPjowP662LnLuB']",['rect38fqRlVlxVJJr'],['recYglfHy7yQ10cbi'],"['recEGpmFGDKENZ4aq', 'rec8ZJFwQcxBa5Zm2', 'recbq5zZb0zsdB2V1', 'rec5YeiVEJdXdsbJU', 'recFQY7h9cqFcRZDU', 'recuc97T9jbgkwulU']","['สีน้ำ/สีน้ำมัน', 'สีรองพื้น']",['ตรวจผนังภายนอก'],['ขูดและทาสีเฉพาะจุด'],"['บริการทาสีผนังภายใน-ภายนอกด้วยสี Beger', 'บริการทาสี Beger', 'บริการติดตั้งชุดตกแต่งผนัง (The wall) สำหรับภายใน', 'บริการติดตั้งผนังตกแต่ง ไฟเบอร์ซิเมนต์ SCG รุ่น โมดิน่า Wall décor', 'บริการติดตั้งผนังตกแต่ง KMEW รุ่น EXCELLAGE สำหรับภายนอก', 'บริการติดตั้งวอลเปเปอร์ และ Interior Film MeClass']"
recj7aXHGgIIuyUCi,2025-06-12T02:36:50.000Z,ระบบรดน้ำชำรุด,Irrigation System Faulty,ระบบสปริงเกลอร์หรือสายยางรดน้ำเสีย น้ำไม่ไหลหรือรั่วเป็นบริเวณ,The sprinkler or irrigation system is broken; water isn't flowing or is leaking significantly,['recOYygNptVtPRUyg'],['rec4uVRS2r9X4ZlZC'],['recYMlYN8gScW4MDd'],"['recXtBDEE3QqeLN7C', 'recR9ZVdeDDvK3SDh']",['ระบบรดน้ำสวน'],['เช็กหัวสปริงเกลอร์'],['ซ่อมหัวสปริงเกลอร์/สายยาง'],"['บริการติดตั้งออกแบบจัดสวนและปรับภูมิทัศน์', 'บริการออกแบบ จัดสวน ปรับภูมิทัศน์']"
reckIXMq0GqmT2mto,2025-06-12T02:36:50.000Z,ปลวกขึ้นบ้าน,Termite Infestation,พบร่องรอยปลวกขึ้นกินเนื้อไม้ส่วนต่างๆ ของบ้าน เช่น วงกบ บันได,"Signs of termites eating wooden parts of the house (e.g., door frames, stairs) are present",['reclD9mJvh1AjAOAS'],['rec9upcvb8MUAU9AA'],['recx96TyFpU0TxX6K'],"['recYG2vE7CldBiLkC', 'rec7VHvZ57srKDubE']",['เหยื่อกำจัดปลวก'],['ตรวจไม้และวงกบปลวก'],['วางน้ำยาล่อปลวก'],"['กำจัดและป้องกันปลวกด้วยระบบการวางเหยื่อ', 'กำจัดและป้องกันปลวกด้วยระบบการวางท่อและอัดเคมี']"
recle5VxWpgPH0w7o,2025-06-12T02:36:50.000Z,สัญญาณ Wi-Fi อ่อน,Weak Wi-Fi Signal,สัญญาณเครือข่ายไร้สายภายในบ้านแรงไม่พอในบางจุด มีจุดอับสัญญาณ,"The Wi-Fi signal is too weak in certain areas of the house, creating dead zones","['recCgwfww8OUZvgvD', 'recEI0i8tKAMne6b3']","['recgbBqckEBzSdNLT', 'recCUuztznsbteGOc']","['recBu8Ub3O4pdH3Wg', 'recK4CH75sOnE1xsx', 'recNhg3OmuYKakFxr']",,"['เราเตอร์อินเทอร์เน็ต', 'ตัวขยายสัญญาณ Wi-Fi']","['เดินเช็กสัญญาณ Wi-Fi', 'สังเกตไฟสถานะเราเตอร์']","['รีสตาร์ทเราเตอร์/โมเด็ม', 'เปลี่ยนช่องสัญญาณ Wi-Fi', 'ติดตั้งตัวขยายสัญญาณ']",
recm3VSu1cYt6MV8V,2025-06-12T02:36:50.000Z,เชื่อมต่อ Wi-Fi ไม่ได้,Cannot Connect to Wi-Fi,อุปกรณ์ไม่สามารถเชื่อมต่อกับเครือข่าย Wi-Fi ได้ หรือหลุดออกตลอด,Devices are unable to connect to the Wi-Fi network or keep getting disconnected,"['recCgwfww8OUZvgvD', 'recDsWhlfk2tr2sDC', 'recEI0i8tKAMne6b3']","['recCUuztznsbteGOc', 'rec0QM6ST8anFMBbK']","['recBu8Ub3O4pdH3Wg', 'recRmZkSq0m5Vk0Fj']",,"['เราเตอร์อินเทอร์เน็ต', 'โมเด็ม', 'ตัวขยายสัญญาณ Wi-Fi']","['สังเกตไฟสถานะเราเตอร์', 'ตรวจอุปกรณ์เชื่อมต่อ']","['รีสตาร์ทเราเตอร์/โมเด็ม', 'รีเซ็ตเราเตอร์เป็นค่าโรงงาน']",
recmcgN2hSazrekxA,2025-06-12T02:36:50.000Z,กล้องวงจรปิดภาพขัดข้อง,CCTV Camera Malfunction,กล้องวงจรปิดไม่จับภาพ ภาพไม่ชัด หรือสัญญาณหลุดบ่อย,"Security camera isn't capturing footage, has blurry image, or loses connection frequently",['recygyvWay9WgA0P9'],['recErKa9ulPchYvsr'],['recjKfPfcwoOnPw2z'],['rectFhXTW5riNocaK'],['กล้องวงจรปิด'],['ทดสอบกล้องและบันทึก'],['รีบูต/รีเซ็ตกล้อง'],['บริการติดตั้งกล้องวงจรปิด']
recomqHSw3CXBRLlT,2025-06-12T02:36:50.000Z,ข้อต่อท่อ/ซีลรั่ว,Joint/Seal Leak,น้ำซึมหรือหยดจากข้อต่อท่อหรือซีลยางตามจุดเชื่อมต่าง ๆ,Water seeping or dripping from pipe joints or seals at connection points,"['recvRNJAc2jaSgSoJ', 'recwDPvvK0CtABNdi']",['reckzQnu4hPUkixeP'],['rec1wcYr89xjXHpAp'],"['recRymcaUzpQjn8gC', 'recuhYXVxP4v5No7j']","['ข้อต่อท่อประปา', 'ยาแนว/ซีลแลนท์']",['ตรวจใต้ซิงค์และท่อว่ามีน้ำหยด'],['พันเทปประปาที่ข้อต่อรั่ว'],"['แก้ไขท่อน้ำอุดตัน', 'บริการติดตั้งปรับปรุงห้องน้ำ']"
recovG4v4P8CW7cYR,2025-06-12T02:36:50.000Z,แบตเตอรี่เซ็นเซอร์หมด,Sensor Battery Depleted,แบตเตอรี่ในเซ็นเซอร์ประตู/หน้าต่างหรือเครื่องตรวจจับไร้สายหมด ทำให้อุปกรณ์ไม่ทำงาน,"Battery in a door/window sensor or wireless detector is dead, causing the device to stop functioning",['recVh04C7JgeAYuIJ'],['recAzU7qq7fVz0ZAJ'],['recjV72ijfz09TUTe'],['recaMlGvSRSuqozg2'],['เซ็นเซอร์ประตู/หน้าต่าง'],['เช็กแบตเตอรี่อุปกรณ์ไร้สาย'],['เปลี่ยนแบตอุปกรณ์ไร้สาย'],['บริการติดตั้งอุปกรณ์เพื่อบ้านอัจฉริยะ']
recpLW8eqiBurotNf,2025-06-12T02:36:50.000Z,น้ำขังในสนาม,Poor Yard Drainage,บริเวณสวนหรือสนามมีน้ำขังหลังฝนตก ไม่ระบายหายไปเร็ว,"Areas of the yard have standing water after rain, not draining quickly","['recGBXLvKeldJDdin', 'recOYygNptVtPRUyg']","['recebVIiEGzCcvQ0m', 'rec4uVRS2r9X4ZlZC']",['recBp0ZSPWvAXFQG7'],['recG7K3b0S666HWbr'],"['สนามหญ้า', 'ระบบรดน้ำสวน']","['สังเกตน้ำขังหลังฝน', 'เช็กหัวสปริงเกลอร์']",['ขุดร่องน้ำชั่วคราว'],['แพ็คเกจบริการรวมสำรวจ ปรับปรุง ต่อเติม พื้นที่รอบบ้านครบวงจร HomeSmile']
recrd9rXbxrLmaLhs,2025-06-12T02:36:50.000Z,ประตู/หน้าต่างไม้บวม,Swollen Wooden Door/Window,บานประตูหรือหน้าต่างไม้บวมจากความชื้น เปิดปิดติดขัด,"Wooden door or window has swollen from humidity, causing it to stick when opening/closing","['rec2DIyEzwIJ4VgYO', 'recYeFOpmOTjBFmyW', 'rec3zBC5seiqkz4G7']","['recq9oB7EmP3kNXJe', 'recK0lx8XilIFugIP']",['recMqJLtuXA9ZWW73'],"['recaHCfzq91nWMfty', 'recIcVfLAJfMDeAV8', 'recHNeWemPj5V41M5']","['ประตูไม้', 'หน้าต่าง', 'วงกบประตู/หน้าต่าง']","['เช็กสภาพสีงานไม้', 'เช็กการปิดของประตูหน้าต่าง']",['ขัดขอบประตูที่บวม'],"['บริการติดตั้งประตูหน้าต่างอลูมิเนียมและมุ้งลวดนิรภัย CVT', 'บริการติดตั้งประตูหน้าต่างอลูมิเนียม', 'ประตู หน้าต่าง วินด์เซอร์ สั่งตัดพิเศษ']"
recsNXXLi2hsLjVqw,2025-06-12T02:36:50.000Z,ระบบเตือนภัยไม่ทำงาน,Alarm Not Activating,เมื่อเกิดเหตุผิดปกติ เช่น ประตูถูกงัด แต่สัญญาณเตือนไม่ดังหรือไม่แจ้งเตือน,"When a breach occurs (e.g., door forced open), the alarm does not sound or send an alert","['recVh04C7JgeAYuIJ', 'recnLdk85eY8EP36o']","['recHzMrc4C9Ik00Em', 'recAzU7qq7fVz0ZAJ']","['recjV72ijfz09TUTe', 'recviGg80c9Y8bTof']",['recaMlGvSRSuqozg2'],"['เซ็นเซอร์ประตู/หน้าต่าง', 'ชุดสัญญาณกันขโมย']","['ทดสอบสัญญาณกันขโมย', 'เช็กแบตเตอรี่อุปกรณ์ไร้สาย']","['เปลี่ยนแบตอุปกรณ์ไร้สาย', 'ติด UPS ให้ระบบกันขโมย']",['บริการติดตั้งอุปกรณ์เพื่อบ้านอัจฉริยะ']
rect30HUVNXuisHEo,2025-06-12T02:36:50.000Z,คราบสกปรกในห้องน้ำ/ครัว,Stains in Bathroom/Kitchen,มีคราบสบู่ หินปูน หรือคราบไขมันติดตามพื้นผิวในห้องน้ำหรือครัว,"Soap scum or limescale in the bathroom, or grease stains on surfaces in the kitchen","['reclFfpvp7MXCbLjG', 'recIZDJm8CuFf9Zir']",['rec6m8LoTk1jrUq3q'],['recMmfUSg2Zmcb9nR'],"['recruHFjS8DCSxmHv', 'recvifp51AJLvrbEh', 'recaV8svBvuvG2Y3k']","['น้ำยาและผ้าทำความสะอาด', 'แปรงขัดห้องน้ำ']",['ล้างห้องน้ำทุกสัปดาห์'],['ใช้น้ำส้มสายชูขจัดคราบ'],"['ทำความสะอาดห้องน้ำ', 'บริการทำความสะอาดคอนโด (General Cleaning)', 'บริการทำความสะอาดบ้านและคอนโด (Deep Cleaning)']"
rect7uqNcq3efZ4lj,2025-06-12T02:36:50.000Z,กระเบื้องหลังคาแตกร้าว/หลุด,Broken/Missing Roof Tile,กระเบื้องมุงหลังคาแตกเสียหายหรือหลุดหายไปจากหลังคา,"Roofing tile is cracked or has fallen off, leaving a gap on the roof",['recJuFySaJRewjnkv'],"['recbybxdpQ9ZqPVNz', 'rec0kZ5gFxguMosys']",['recN9TWmXvfSKF2P5'],"['recdw9P9iqOSmLhH2', 'recQ5tD3JzEYloXq1', 'recOooPnyS4bqaKnM', 'recfRdkxoM7R0dGKs', 'recpCmbQH2pB8GwgP', 'reczoZ2lp4PtZO1qB']",['กระเบื้องมุงหลังคา'],"['สำรวจความเสียหายหลังพายุ', 'ตรวจดูหลังคาจากภายนอก']",['เปลี่ยนกระเบื้องที่เสียหาย'],"['บริการซ่อมรั่วหลังคาเฉพาะจุด (ROOF REPAIR)\u200b', 'บริการซ่อมรั่วหลังคาทาวน์เฮาส์ ทาวน์โฮม (TOP UP ROOF)\u200b', 'บริการตรวจสอบปัญหาซ่อมรั่วหลังคาและซ่อมฝ้าเพดาน', 'บริการตรวจสอบและซ่อมรั่วหลังคา ทุกประเภทหลังคา', 'บริการรื้อ – เปลี่ยนหลังคาเก่าทั้งผืน (RE-ROOF)\u200b', 'บริการติดตั้งเฉพาะโครงหลังคาหรือกระเบื้องหลังคาบ้านใหม่']"
recuGcsADLx4FdtIu,2025-06-12T02:36:50.000Z,เราเตอร์ค้าง/ร้อนเกินไป,Router Freezes/Overheats,เราเตอร์อินเทอร์เน็ตหยุดตอบสนองเป็นบางครั้ง หรือเครื่องร้อนจัด,The internet router occasionally stops responding or becomes excessively hot,['recCgwfww8OUZvgvD'],['recF1k7BSm4H7vf5g'],['recBu8Ub3O4pdH3Wg'],,['เราเตอร์อินเทอร์เน็ต'],['ตรวจอุณหภูมิเราเตอร์'],['รีสตาร์ทเราเตอร์/โมเด็ม'],
recv5bGQjR6nxlngS,2025-06-12T02:36:50.000Z,น้ำซึมเข้าฐานราก,Water Seepage into Foundation,มีน้ำซึมเข้าบริเวณฐานรากหรือพื้นชั้นล่างของบ้าน,Water is seeping into the foundation area or ground floor of the house,['recg6IRFv35K2qXUf'],"['recQiJF9rCFpy8kw9', 'recNLrPIcbYDR8b0k']",['recc2G642zybdk4En'],"['recG7K3b0S666HWbr', 'recyb62eRhRYEVu91', 'rec9w4UTetQITOJaN']",['ฐานราก'],"['ตรวจระบบระบายน้ำฐานราก', 'สำรวจดินรอบบ้าน']",['เติมดินอุดโพรงใต้บ้าน'],"['แพ็คเกจบริการรวมสำรวจ ปรับปรุง ต่อเติม พื้นที่รอบบ้านครบวงจร HomeSmile', 'บริการปิดโพรงรอบบ้านด้วยแผ่น Smartboard', 'ปิดโพรงรอบบ้าน']"
recvq15EA1MRfi2BJ,2025-06-12T02:36:50.000Z,ไฟดับบ่อย,Frequent Power Outages,ไฟฟ้าภายในบ้านดับบ่อยเกินปกติหรือเบรกเกอร์ตัดบ่อย,Frequent loss of power or circuit breaker trips in the home,"['reckUeh1OS2PeHugO', 'recXJH8RljDrmpHTC', 'recEjxuY8F8u31N3i']","['recHKFAO8kXTFiZ7p', 'reciXxROpIkvXTKEP']","['reci2A92jnUkOZ9PI', 'recvln5x1nwbX9dFO']",['recWgl42lEPM7sFCE'],"['สายไฟ', 'ตู้โหลดไฟ / เบรกเกอร์', 'หลอดไฟ']","['ตรวจสายไฟและอุปกรณ์ว่าชำรุดหรือไม่', 'เช็กตู้โหลด/เบรกเกอร์ว่าปกติ']","['รีเซ็ตเบรกเกอร์เมื่อไฟตก', 'เปลี่ยนหลอดไฟที่ขาด']",['บริการซ่อมไฟฟ้าภายในบ้าน']
recwhMM2dWDJhNXsV,2025-06-12T02:36:50.000Z,สัตว์เลี้ยงขับถ่ายในบ้าน,Pet Accident Indoors,สุนัขหรือแมวขับถ่าย (ฉี่/อึ) ในบ้าน นอกบริเวณที่จัดไว้,"A dog or cat has urinated or defecated inside the house, outside of their designated area","['rech6FkFWRAmLkFki', 'recNJ99g5TxQCmfP9']",['reckIXhDwPrUxtp36'],['rec9JvWaLRF8yFBPZ'],"['rec5oLbmdHkHaFP35', 'recE77PAw72d9FdQL', 'recaV8svBvuvG2Y3k', 'recsX9eXEUe2Gkl9b']","['แผ่นรองซับฉี่สุนัข', 'กระบะทรายแมว']",['ทำความสะอาดที่ขับถ่ายสัตว์'],['โรยเบกกิ้งโซดาดับกลิ่น'],"['บริการทำความสะอาดและฆ่าเชื้อโรคพรม', 'บริการทำความสะอาดและฆ่าเชื้อโรคโซฟา', 'บริการทำความสะอาดบ้านและคอนโด (Deep Cleaning)', 'บริการพ่นควันฆ่าเชื้อโรค ด้วยระบบ fogging']"
recwrMRo4ua9Q0EbV,2025-06-12T02:36:50.000Z,สีโป่งพองเป็นฟอง,Bubbling/Blistering Paint,สีบนผนังโป่งพองขึ้นมาเป็นฟองอากาศ เนื่องจากความชื้นใต้ชั้นสี,Paint on the wall is bubbling/blistering due to moisture under the paint layer,"['recLkEqyNFkzqA8GR', 'reciPjowP662LnLuB']","['reci5Kfgf8wswfJ1g', 'rect38fqRlVlxVJJr']","['recYglfHy7yQ10cbi', 'recSimArQUd62sOYe']","['recEGpmFGDKENZ4aq', 'rec8ZJFwQcxBa5Zm2', 'recDQ0hwu2uytZDop', 'reciLImZDzkW3WEhh']","['สีน้ำ/สีน้ำมัน', 'สีรองพื้น']","['มองหารอยด่างบนผนัง', 'ตรวจผนังภายนอก']","['ขูดและทาสีเฉพาะจุด', 'รองพื้นกันชื้นก่อนทาสี']","['บริการทาสีผนังภายใน-ภายนอกด้วยสี Beger', 'บริการทาสี Beger', 'บริการติดตั้งระบบกันน้ำรั่วซึมสำหรับดาดฟ้า โดย MagiX', 'บริการทาสีดาดฟ้ากันซึม']"
recwsonYZMeRi75Dm,2025-06-12T02:36:50.000Z,แมลงอย่างมด/แมลงสาบเข้ามา,Pests Attracted by Dirt,มีแมลงสาบ มด หรือหนู เข้ามาเพราะมีเศษอาหารหรือความสกปรกสะสม,"Cockroaches, ants, or mice are present, attracted by food scraps or accumulated dirt","['recYjjXihzcV2bTfD', 'rec4VgF52fl7nLt6S']","['reck6iBYmskZn0atS', 'recgNWGAxTdqWOhbZ']","['rechQNohHsaBnsW7r', 'recHZgDnXfNJGPuYt']","['recB27Jid4BnaxXtE', 'recsX9eXEUe2Gkl9b']","['สเปรย์ยาฆ่าแมลง', 'เจลหรือเหยื่อกำจัดมด']","['วางกับดัก/สังเกตแมลงสาบ', 'ตรวจมุมห้องครัวมีมด']","['ฉีดสเปรย์ยาฆ่าแมลงสวน', 'โรยผงชอล์กกันมด']","['กำจัดและป้องกันแมลงสาบสายพันธุ์เยอรมัน', 'บริการพ่นควันฆ่าเชื้อโรค ด้วยระบบ fogging']"
recxKrkswZtwLUw50,2025-06-12T02:36:50.000Z,ไฟฟ้าลัดวงจร/ไฟช็อต,Short Circuit/Electric Shock Risk,ไฟฟ้าลัดวงจรหรือไฟรั่วที่อาจทำให้เกิดไฟช็อตต่อผู้ใช้งาน,Electrical short or leakage that could cause electric shock to occupants,"['reckUeh1OS2PeHugO', 'recXJH8RljDrmpHTC', 'recPhQqalFbWCWzZT', 'recqVtAAJMXDBtvff', 'rec0hbutthAWJlaBy']","['recHKFAO8kXTFiZ7p', 'reciXxROpIkvXTKEP', 'recIhOINiN5e5hlsn', 'recQYCdYd17xQN2RE']","['reci2A92jnUkOZ9PI', 'recZzv7YMMdMa66H4', 'recXsOIBM4MbM6Coa', 'recJhf4ZcNZO6bwMH']",['recWgl42lEPM7sFCE'],"['สายไฟ', 'ตู้โหลดไฟ / เบรกเกอร์', 'เต้ารับ (ปลั๊กไฟ)', 'สวิตช์ไฟ', 'ฟิวส์ไฟฟ้า']","['ตรวจสายไฟและอุปกรณ์ว่าชำรุดหรือไม่', 'เช็กตู้โหลด/เบรกเกอร์ว่าปกติ', 'ทดสอบเครื่องตัดไฟรั่ว (RCD)', 'ปิดคัตเอาต์หลักก่อนซ่อม']","['รีเซ็ตเบรกเกอร์เมื่อไฟตก', 'เปลี่ยนฟิวส์หรือเบรกเกอร์ที่ไหม้', 'พันเทปแก้ฉนวนสายไฟชั่วคราว', 'ถอดปลั๊กอุปกรณ์ที่ไม่ได้ใช้']",['บริการซ่อมไฟฟ้าภายในบ้าน']
recxMaiB3w53VuaFg,2025-06-12T02:36:50.000Z,เต้ารับหรือสวิตช์หลวม/เสีย,Loose/Broken Outlet or Switch,ปลั๊กไฟหรือสวิตช์ไฟหลวมหรือชำรุด ใช้งานไม่ได้หรือมีประกายไฟ,"Electrical outlet or light switch is loose or broken, possibly sparking or not functioning","['recPhQqalFbWCWzZT', 'recqVtAAJMXDBtvff']",['recHKFAO8kXTFiZ7p'],,"['recWgl42lEPM7sFCE', 'recjwvBBr5FiPc1hk', 'reckQFahAETF0RRMy']","['เต้ารับ (ปลั๊กไฟ)', 'สวิตช์ไฟ']",['ตรวจสายไฟและอุปกรณ์ว่าชำรุดหรือไม่'],,"['บริการซ่อมไฟฟ้าภายในบ้าน', 'ติดตั้งสวิทซ์ไฟฟ้าพร้อมอุปกรณ์', 'ติดตั้งปลั๊กไฟฟ้าพร้อมอุปกรณ์']"
recxbiqdQp8VcjZOL,2025-06-12T02:36:50.000Z,น้ำล้นรางน้ำฝน,Gutter Overflow,น้ำฝนล้นออกจากรางน้ำเนื่องจากท่อระบายลงอุดตันหรือน้ำมาเร็วเกินระบาย,Rainwater overflows from the gutter because the downspout is clogged or rainfall exceeds drainage capacity,"['recRCklo0mRCXLOzr', 'recl1QpfktwKQSEv5', 'recvWPeS4B1SYIu3c']","['recf2Zv73ajNNimYW', 'recggrg82iFS5tW7v']","['recqa9qnrQjtSDL7I', 'recL9Ixcx8nCvmS1d', 'recDtbhSlNq5NMjDX']","['recdc0cKArMaDLMxx', 'recOlZ4mgYyRmRVJi', 'recvhr7lvsVqJtzFB', 'recVSuua1VyOkNRoD', 'recRnSKTRzgJmbHfN']","['รางน้ำฝน', 'ท่อน้ำลง', 'ตะแกรงกันใบไม้รางน้ำ']","['ทำความสะอาดรางน้ำฝนประจำ', 'ตรวจข้อต่อและความลาดเอียงรางน้ำ']","['ทำความสะอาดสิ่งอุดตัน', 'ขันหรือเสริมตัวยึดรางน้ำ', 'ติดตาข่ายกันใบไม้']","['บริการติดตั้งรางน้ำฝนไวนิล เอสซีจี HomeSmile', 'บริการติดตั้งรางน้ำฝนไวนิล SCG รุ่น Smart by Q-Chang', 'บริการติดตั้งรางน้ำฝนไวนิล SCG', 'บริการติดตั้งรางน้ำฝนไวนิล SCG รุ่น Deluxe by Q-Chang', 'บริการติดตั้งรางน้ำฝน PVC by Q-Chang\n']"
recxsjCTLDOFFbpNz,2025-06-12T02:36:50.000Z,อินเทอร์เน็ตหลุดบ่อย,Frequent Internet Disconnects,สัญญาณอินเทอร์เน็ตขาดหายบ่อยครั้ง ใช้งานไม่ต่อเนื่อง,"Internet connection drops frequently, causing inconsistent service","['recCgwfww8OUZvgvD', 'recDsWhlfk2tr2sDC', 'recc8HIUJeCiElzwF']","['recCUuztznsbteGOc', 'rec8U8i04LTsawIIv', 'rec0QM6ST8anFMBbK']",['recBu8Ub3O4pdH3Wg'],,"['เราเตอร์อินเทอร์เน็ต', 'โมเด็ม', 'สาย LAN']","['สังเกตไฟสถานะเราเตอร์', 'ทดสอบความเร็วอินเทอร์เน็ต', 'ตรวจอุปกรณ์เชื่อมต่อ']",['รีสตาร์ทเราเตอร์/โมเด็ม'],
recyxgDCn49tohiLS,2025-06-12T02:36:50.000Z,สัตว์เลี้ยงหลุดออกนอกบ้าน,Pet Escaping the House,สัตว์เลี้ยงหลุดออกนอกบ้านหรือวิ่งออกประตู/รั้วเพราะการกั้นไม่ดี,A pet escapes and runs out of the house or yard due to inadequate containment,['recJZGCKu5OHWRqwx'],['recrDXvHcTKI1ZcJI'],['recwDqppatqIptEdT'],"['recVQ9lBdhbkCAbq0', 'rec8Xe5KsyD8wiRYh', 'rec2pCBreYXQzFYQj']",['ประตูสำหรับสัตว์เลี้ยง'],['ตรวจรั้ว/กรงสัตว์เลี้ยง'],['ปิดช่องหนีชั่วคราว'],"['บริการติดตั้งประตูรั้วอลูมิเนียม Hausen', 'บริการติดตั้งมอเตอร์ประตูรั้วรีโมทอัตโนมัติ HomeXpert', 'บริการติดตั้งรั้ว ระแนงบังตาไวนิล รุ่น Value Set และ Box Set']"
reczm4pdXlz5GwUJh,2025-06-12T02:36:50.000Z,กลิ่นสัตว์เลี้ยง/บริเวณขับถ่าย,Pet Odor in Home,มีกลิ่นสัตว์เลี้ยงหรือกลิ่นฉี่/อึจากจุดที่สัตว์ขับถ่ายในบ้าน,There's a noticeable pet smell or odor from pet urine/feces in certain spots of the house,"['reclFfpvp7MXCbLjG', 'rech6FkFWRAmLkFki', 'recNJ99g5TxQCmfP9']",['reckIXhDwPrUxtp36'],"['rec9JvWaLRF8yFBPZ', 'recMmfUSg2Zmcb9nR', 'recLB5teMgaQTffHa']","['rec5oLbmdHkHaFP35', 'recE77PAw72d9FdQL', 'recaV8svBvuvG2Y3k', 'recsX9eXEUe2Gkl9b', 'recy4eIeUNC7rqI0x', 'recEN7WTxYeQ5Q1zb', 'rec63Mru1fEyjsR88', 'recEIzk19IR00EYAO']","['น้ำยาและผ้าทำความสะอาด', 'แผ่นรองซับฉี่สุนัข', 'กระบะทรายแมว']",['ทำความสะอาดที่ขับถ่ายสัตว์'],"['โรยเบกกิ้งโซดาดับกลิ่น', 'ใช้น้ำส้มสายชูขจัดคราบ', 'ใช้ทรายแมวดับกลิ่น']","['บริการทำความสะอาดและฆ่าเชื้อโรคพรม', 'บริการทำความสะอาดและฆ่าเชื้อโรคโซฟา', 'บริการทำความสะอาดบ้านและคอนโด (Deep Cleaning)', 'บริการพ่นควันฆ่าเชื้อโรค ด้วยระบบ fogging', 'ติดตั้งระบบเครื่องเติมอากาศ แรงดันบวก พร้อมกำจัดกลิ่น AIRWAVE+', 'ติดตั้งระบบเติมอากาศให้บ้าน เครื่องเติมอากาศ FRESHNERGY', 'เครื่องเติมอากาศดี SCG Active AIR Quality', 'ระบบไอออนกำจัดเชื้อโรคในอากาศ และดักจับฝุ่น PM2.5 SCG Bi-ion']"
