id_provider,id_bu
ช่างจากแพลตฟอร์มคิวช่าง,q‑chang
future_charge,scg_home
minima_house,scg_home
kemrex,scg_home
biw,scg_home
ช่างจากแพลตฟอร์มคิวช่าง,scg_home
scg_home_experience_vendor,scg_home
cvt,scg_home
do_care,scg_home
scg_living_and_housing_solution,scg_home
บริษัท_หญ้าเทียมพรีเมียม_จำกัด,scg_home
lamina,scg_home
magix,scg_home
naichang_home_solution,scg_home
freshnergy,scg_home
scg_home_experience,scg_home
homesmile,scg_home
scg_distribution,scg_home
cooncho_product,scg_home
scg,scg_home
vichitr,scg_home
ezybuilt,scg_home
showerking,scg_home
linedekor,scg_home
สาดส่องแสง,scg_home
doodeco,scg_home
meclass,scg_home
airwave+,scg_home
